COLLEGIOUNINOMINALE;CODICE_REGIONE;LISTA;VOTI_LISTA;VOTANTI
Piemonte - U01;1;AZN;48065.300946844705;296459.7423773326
Piemonte - U02;1;AZN;26344.013126900958;284845.8499152792
Piemonte - U03;1;AZN;19767.039638593757;256365.64401798265
Piemonte - U04;1;AZN;18693.858176381847;254117.11140997807
Piemonte - U05;1;AZN;27334.41127281513;283909.2657317352
Valle d'aosta/Vallée d'Aoste - U01;2;AZN;23957.745919951893;118664.06101784734
Lombardia - U01;3;AZN;20533.098808743474;298698.32484725036
Lombardia - U02;3;AZN;15983.112551029451;263200.2536961763
Lombardia - U03;3;AZN;48947.91063685515;263096.06486140995
Lombardia - U04;3;AZN;22356.233167598493;288139.29451451194
Lombardia - U05;3;AZN;21891.977298874066;299756.8693838378
Lombardia - U06;3;AZN;23698.492721579718;300319.13952709397
Lombardia - U07;3;AZN;22059.015485495805;313024.6383276995
Lombardia - U08;3;AZN;13990.126064073911;283755.19567313476
Lombardia - U09;3;AZN;14807.526676224483;268999.3418359662
Lombardia - U10;3;AZN;18502.755178873995;274247.0685125134
Lombardia - U11;3;AZN;13636.836550480046;270574.2794517492
Trentino-Alto Adige/Südtirol - U01;4;AZN;10363.434707695094;116271.48115902561
Trentino-Alto Adige/Südtirol - U02;4;AZN;7500.210822247333;91958.38829854796
Trentino-Alto Adige/Südtirol - U03;4;AZN;3934.404388352313;62624.63332788396
Trentino-Alto Adige/Südtirol - U04;4;AZN;5462.4794997270965;82784.31568995054
Trentino-Alto Adige/Südtirol - U05;4;AZN;1572.9423630263873;59560.30391763107
Trentino-Alto Adige/Südtirol - U06;4;AZN;1337.3092317557519;73749.12456477071
Veneto - U01;5;AZN;16283.2839702782;269192.91807890346
Veneto - U02;5;AZN;20400.197140654596;327387.84459639434
Veneto - U03;5;AZN;25396.42924713093;328393.7395562002
Veneto - U04;5;AZN;18825.04046036836;311132.96699904616
Veneto - U05;5;AZN;14461.332715634042;236950.03429198932
Friuli-Venezia Giulia - U01;6;AZN;25170.652889088236;326807.56738484267
Liguria - U01;7;AZN;19550.092932834206;259936.59263559483
Liguria - U02;7;AZN;26006.100537801427;275612.1439416567
Emilia-Romagna - U01;8;AZN;16892.517702466936;244479.65909446092
Emilia-Romagna - U02;8;AZN;20866.928663291044;263194.3912752812
Emilia-Romagna - U03;8;AZN;31158.427732668264;330440.2741207564
Emilia-Romagna - U04;8;AZN;21452.96467609695;304795.2093300298
Emilia-Romagna - U05;8;AZN;17964.57514083849;295604.8359629523
Toscana - U01;9;AZN;18400.738440020265;282914.53186954674
Toscana - U02;9;AZN;16518.63715069204;278392.5069688594
Toscana - U03;9;AZN;15824.942976704811;279700.2622462828
Toscana - U04;9;AZN;20304.165024746697;281471.0621836037
Umbria - U01;10;AZN;10334.776988095406;226727.4031779862
Marche - U01;11;AZN;12235.039238210999;267528.8987972613
Marche - U02;11;AZN;13303.352709892239;258174.20258694486
Lazio - U01;12;AZN;13175.56974168932;277021.13985124667
Lazio - U02;12;AZN;32282.840971058995;282986.49477137043
Lazio - U03;12;AZN;26701.520757360395;269977.7406600742
Lazio - U04;12;AZN;21116.264700548374;288757.7357656404
Lazio - U05;12;AZN;12292.988279860994;272125.0597011837
Lazio - U06;12;AZN;7103.0088390387145;263372.48510086513
Abruzzo - U01;13;AZN;13580.30043128456;326732.145572257
Molise - U01;14;AZN;3540.843198303208;149729.50874401664
Campania - U01;15;AZN;6358.38292879961;254933.0104178779
Campania - U02;15;AZN;6215.825617758238;237553.3770554786
Campania - U03;15;AZN;6840.495096799559;234172.32599064184
Campania - U04;15;AZN;9269.883101161577;191402.94636690538
Campania - U05;15;AZN;5236.964673400299;254555.11734600458
Campania - U06;15;AZN;7614.0724272656535;239975.36642456855
Campania - U07;15;AZN;5096.744784874845;224649.6874921074
Puglia - U01;16;AZN;4526.665124014542;202609.92013222422
Puglia - U02;16;AZN;6411.579723616184;236933.36321744445
Puglia - U03;16;AZN;8677.832559485187;245211.5022823522
Puglia - U04;16;AZN;7301.8372828564825;242387.2847999702
Puglia - U05;16;AZN;7207.446177615062;254680.18142676353
Basilicata - U01;17;AZN;10120.81145117808;276160.75654209376
Calabria - U01;18;AZN;4068.7934984153635;202194.9514722834
Calabria - U02;18;AZN;4399.773770630525;205487.70736068604
Sicilia - U01;19;AZN;8310.72803261271;232879.8792053461
Sicilia - U02;19;AZN;5644.761864358816;239426.63625133815
Sicilia - U03;19;AZN;4714.996769475197;213499.39711449042
Sicilia - U04;19;AZN;5947.893284663316;247378.10633911387
Sicilia - U05;19;AZN;6888.002243263596;274274.2034511382
Sicilia - U06;19;AZN;6318.204417508812;219479.0523163057
Sardegna - U01;20;AZN;11914.669546887288;268277.2262144685
Sardegna - U02;20;AZN;7966.832550894285;239642.65180268884
Piemonte - U01;1;FDI;54893.418272797346;296459.7423773326
Piemonte - U02;1;FDI;52006.7410839682;284845.8499152792
Piemonte - U03;1;FDI;60565.48094579946;256365.64401798265
Piemonte - U04;1;FDI;51104.40898424987;254117.11140997807
Piemonte - U05;1;FDI;58945.215949182406;283909.2657317352
Valle d'aosta/Vallée d'Aoste - U01;2;FDI;27875.948408035118;118664.06101784734
Lombardia - U01;3;FDI;71626.01325247229;298698.32484725036
Lombardia - U02;3;FDI;57149.925142862754;263200.2536961763
Lombardia - U03;3;FDI;56327.244821739645;263096.06486140995
Lombardia - U04;3;FDI;58318.323202694955;288139.29451451194
Lombardia - U05;3;FDI;66868.59015489326;299756.8693838378
Lombardia - U06;3;FDI;62233.10097511768;300319.13952709397
Lombardia - U07;3;FDI;77085.87503003851;313024.6383276995
Lombardia - U08;3;FDI;65991.72587010569;283755.19567313476
Lombardia - U09;3;FDI;61970.5057836183;268999.3418359662
Lombardia - U10;3;FDI;61545.340447871786;274247.0685125134
Lombardia - U11;3;FDI;58222.214640588005;270574.2794517492
Trentino-Alto Adige/Südtirol - U01;4;FDI;23142.885336437907;116271.48115902561
Trentino-Alto Adige/Südtirol - U02;4;FDI;17426.51325885616;91958.38829854796
Trentino-Alto Adige/Südtirol - U03;4;FDI;10785.285931040213;62624.63332788396
Trentino-Alto Adige/Südtirol - U04;4;FDI;12604.79647620731;82784.31568995054
Trentino-Alto Adige/Südtirol - U05;4;FDI;3516.0721480437237;59560.30391763107
Trentino-Alto Adige/Südtirol - U06;4;FDI;3286.252589977175;73749.12456477071
Veneto - U01;5;FDI;57872.12114357914;269192.91807890346
Veneto - U02;5;FDI;66168.09571981382;327387.84459639434
Veneto - U03;5;FDI;75265.90125278397;328393.7395562002
Veneto - U04;5;FDI;75409.87507427884;311132.96699904616
Veneto - U05;5;FDI;60685.1275554503;236950.03429198932
Friuli-Venezia Giulia - U01;6;FDI;98567.37307388197;326807.56738484267
Liguria - U01;7;FDI;52482.830573426;259936.59263559483
Liguria - U02;7;FDI;60495.87446547838;275612.1439416567
Emilia-Romagna - U01;8;FDI;64218.59843443948;244479.65909446092
Emilia-Romagna - U02;8;FDI;45020.108748865074;263194.3912752812
Emilia-Romagna - U03;8;FDI;57258.89780346376;330440.2741207564
Emilia-Romagna - U04;8;FDI;50709.53004749538;304795.2093300298
Emilia-Romagna - U05;8;FDI;48429.83460429654;295604.8359629523
Toscana - U01;9;FDI;64668.991368885225;282914.53186954674
Toscana - U02;9;FDI;55988.78158898521;278392.5069688594
Toscana - U03;9;FDI;58972.25070447395;279700.2622462828
Toscana - U04;9;FDI;50572.719025021004;281471.0621836037
Umbria - U01;10;FDI;59277.04405637771;226727.4031779862
Marche - U01;11;FDI;69306.78039413164;267528.8987972613
Marche - U02;11;FDI;60859.051437418224;258174.20258694486
Lazio - U01;12;FDI;106404.95957228648;277021.13985124667
Lazio - U02;12;FDI;134752.2858418091;282986.49477137043
Lazio - U03;12;FDI;130853.9130573606;269977.7406600742
Lazio - U04;12;FDI;126164.84952535415;288757.7357656404
Lazio - U05;12;FDI;103400.04938664606;272125.0597011837
Lazio - U06;12;FDI;78619.63368607892;263372.48510086513
Abruzzo - U01;13;FDI;82981.69239150296;326732.145572257
Molise - U01;14;FDI;22499.786445492293;149729.50874401664
Campania - U01;15;FDI;47755.52285384605;254933.0104178779
Campania - U02;15;FDI;42021.629229282975;237553.3770554786
Campania - U03;15;FDI;55353.57813029848;234172.32599064184
Campania - U04;15;FDI;30336.851791349964;191402.94636690538
Campania - U05;15;FDI;30645.63499676889;254555.11734600458
Campania - U06;15;FDI;51876.941158897076;239975.36642456855
Campania - U07;15;FDI;33033.905175960455;224649.6874921074
Puglia - U01;16;FDI;34624.944024002274;202609.92013222422
Puglia - U02;16;FDI;49552.52275061424;236933.36321744445
Puglia - U03;16;FDI;52054.688559452916;245211.5022823522
Puglia - U04;16;FDI;51854.64390971627;242387.2847999702
Puglia - U05;16;FDI;56904.4332271425;254680.18142676353
Basilicata - U01;17;FDI;55719.55822971757;276160.75654209376
Calabria - U01;18;FDI;36101.60298391745;202194.9514722834
Calabria - U02;18;FDI;52465.40244678674;205487.70736068604
Sicilia - U01;19;FDI;40699.793466757015;232879.8792053461
Sicilia - U02;19;FDI;42845.39615001808;239426.63625133815
Sicilia - U03;19;FDI;40715.76485195763;213499.39711449042
Sicilia - U04;19;FDI;56661.58477198074;247378.10633911387
Sicilia - U05;19;FDI;53610.83690135932;274274.2034511382
Sicilia - U06;19;FDI;47707.38701340822;219479.0523163057
Sardegna - U01;20;FDI;63807.25112793632;268277.2262144685
Sardegna - U02;20;FDI;55526.96072965524;239642.65180268884
Piemonte - U01;1;FI;21203.383449517954;296459.7423773326
Piemonte - U02;1;FI;21916.690720429007;284845.8499152792
Piemonte - U03;1;FI;22996.68503376234;256365.64401798265
Piemonte - U04;1;FI;22308.91263982361;254117.11140997807
Piemonte - U05;1;FI;23759.273771998985;283909.2657317352
Valle d'aosta/Vallée d'Aoste - U01;2;FI;22258.47102629855;118664.06101784734
Lombardia - U01;3;FI;25826.4057467892;298698.32484725036
Lombardia - U02;3;FI;22098.25765589006;263200.2536961763
Lombardia - U03;3;FI;22534.62241855246;263096.06486140995
Lombardia - U04;3;FI;22367.205259240516;288139.29451451194
Lombardia - U05;3;FI;23232.59852663333;299756.8693838378
Lombardia - U06;3;FI;24365.29098691058;300319.13952709397
Lombardia - U07;3;FI;23161.97702962449;313024.6383276995
Lombardia - U08;3;FI;21237.48326057789;283755.19567313476
Lombardia - U09;3;FI;20713.544860594662;268999.3418359662
Lombardia - U10;3;FI;24702.022652699627;274247.0685125134
Lombardia - U11;3;FI;19715.18878146915;270574.2794517492
Trentino-Alto Adige/Südtirol - U01;4;FI;5802.323710452363;116271.48115902561
Trentino-Alto Adige/Südtirol - U02;4;FI;4616.567667261508;91958.38829854796
Trentino-Alto Adige/Südtirol - U03;4;FI;3517.377273260669;62624.63332788396
Trentino-Alto Adige/Südtirol - U04;4;FI;3476.064700698478;82784.31568995054
Trentino-Alto Adige/Südtirol - U05;4;FI;1455.8938066180974;59560.30391763107
Trentino-Alto Adige/Südtirol - U06;4;FI;1462.466348042208;73749.12456477071
Veneto - U01;5;FI;17537.280941608067;269192.91807890346
Veneto - U02;5;FI;18328.275841401806;327387.84459639434
Veneto - U03;5;FI;20962.227816095525;328393.7395562002
Veneto - U04;5;FI;18104.9842535309;311132.96699904616
Veneto - U05;5;FI;15929.804888326933;236950.03429198932
Friuli-Venezia Giulia - U01;6;FI;22762.829573999043;326807.56738484267
Liguria - U01;7;FI;21417.350467229524;259936.59263559483
Liguria - U02;7;FI;21714.075065176414;275612.1439416567
Emilia-Romagna - U01;8;FI;17391.088086829273;244479.65909446092
Emilia-Romagna - U02;8;FI;14527.260324446495;263194.3912752812
Emilia-Romagna - U03;8;FI;18519.512739763642;330440.2741207564
Emilia-Romagna - U04;8;FI;17273.456646410403;304795.2093300298
Emilia-Romagna - U05;8;FI;18705.779202894173;295604.8359629523
Toscana - U01;9;FI;16692.617684018176;282914.53186954674
Toscana - U02;9;FI;15464.611957657578;278392.5069688594
Toscana - U03;9;FI;20623.247235583127;279700.2622462828
Toscana - U04;9;FI;12947.302535754987;281471.0621836037
Umbria - U01;10;FI;15198.48150009052;226727.4031779862
Marche - U01;11;FI;15651.072954459793;267528.8987972613
Marche - U02;11;FI;14019.474059914066;258174.20258694486
Lazio - U01;12;FI;22517.537538664565;277021.13985124667
Lazio - U02;12;FI;18670.244435863307;282986.49477137043
Lazio - U03;12;FI;17429.47473910542;269977.7406600742
Lazio - U04;12;FI;19390.51958637319;288757.7357656404
Lazio - U05;12;FI;22345.60588723327;272125.0597011837
Lazio - U06;12;FI;29305.23881241835;263372.48510086513
Abruzzo - U01;13;FI;30015.21250337308;326732.145572257
Molise - U01;14;FI;13706.642309850566;149729.50874401664
Campania - U01;15;FI;30674.5285328839;254933.0104178779
Campania - U02;15;FI;25670.506662212654;237553.3770554786
Campania - U03;15;FI;31363.24826070833;234172.32599064184
Campania - U04;15;FI;18899.035608214348;191402.94636690538
Campania - U05;15;FI;30257.02867134033;254555.11734600458
Campania - U06;15;FI;28667.46536876013;239975.36642456855
Campania - U07;15;FI;26427.53005779524;224649.6874921074
Puglia - U01;16;FI;23537.019432424706;202609.92013222422
Puglia - U02;16;FI;27427.28007212459;236933.36321744445
Puglia - U03;16;FI;27503.186456418323;245211.5022823522
Puglia - U04;16;FI;28706.207675413014;242387.2847999702
Puglia - U05;16;FI;25277.417005832176;254680.18142676353
Basilicata - U01;17;FI;20268.93762199842;276160.75654209376
Calabria - U01;18;FI;20614.48645381057;202194.9514722834
Calabria - U02;18;FI;28578.457771706402;205487.70736068604
Sicilia - U01;19;FI;29714.08386603644;232879.8792053461
Sicilia - U02;19;FI;30809.262389505697;239426.63625133815
Sicilia - U03;19;FI;23588.443130116542;213499.39711449042
Sicilia - U04;19;FI;31027.594248459507;247378.10633911387
Sicilia - U05;19;FI;30351.705909177705;274274.2034511382
Sicilia - U06;19;FI;26243.43724163163;219479.0523163057
Sardegna - U01;20;FI;21294.972982782438;268277.2262144685
Sardegna - U02;20;FI;19450.645936747867;239642.65180268884
Piemonte - U01;1;LEGA;40257.1327668264;296459.7423773326
Piemonte - U02;1;LEGA;49554.86357418732;284845.8499152792
Piemonte - U03;1;LEGA;52996.486667438614;256365.64401798265
Piemonte - U04;1;LEGA;52423.41292677826;254117.11140997807
Piemonte - U05;1;LEGA;62595.01106993141;283909.2657317352
Valle d'aosta/Vallée d'Aoste - U01;2;LEGA;8832.552122932993;118664.06101784734
Lombardia - U01;3;LEGA;69079.53340654167;298698.32484725036
Lombardia - U02;3;LEGA;70845.93742527779;263200.2536961763
Lombardia - U03;3;LEGA;39791.42990029409;263096.06486140995
Lombardia - U04;3;LEGA;56693.3268831658;288139.29451451194
Lombardia - U05;3;LEGA;61004.5245764115;299756.8693838378
Lombardia - U06;3;LEGA;61558.13580429134;300319.13952709397
Lombardia - U07;3;LEGA;86187.98296275591;313024.6383276995
Lombardia - U08;3;LEGA;82650.36201752037;283755.19567313476
Lombardia - U09;3;LEGA;73500.4694758313;268999.3418359662
Lombardia - U10;3;LEGA;63752.37056278583;274247.0685125134
Lombardia - U11;3;LEGA;61237.0088249983;270574.2794517492
Trentino-Alto Adige/Südtirol - U01;4;LEGA;23938.039420152803;116271.48115902561
Trentino-Alto Adige/Südtirol - U02;4;LEGA;18676.558042362132;91958.38829854796
Trentino-Alto Adige/Südtirol - U03;4;LEGA;16023.203318560933;62624.63332788396
Trentino-Alto Adige/Südtirol - U04;4;LEGA;9901.36769051396;82784.31568995054
Trentino-Alto Adige/Südtirol - U05;4;LEGA;3892.1517739636465;59560.30391763107
Trentino-Alto Adige/Südtirol - U06;4;LEGA;4088.64253175796;73749.12456477071
Veneto - U01;5;LEGA;61255.81481687117;269192.91807890346
Veneto - U02;5;LEGA;88124.14351855293;327387.84459639434
Veneto - U03;5;LEGA;82262.46682328075;328393.7395562002
Veneto - U04;5;LEGA;87935.38628628595;311132.96699904616
Veneto - U05;5;LEGA;59094.6239589405;236950.03429198932
Friuli-Venezia Giulia - U01;6;LEGA;71132.3588859042;326807.56738484267
Liguria - U01;7;LEGA;48206.953466245235;259936.59263559483
Liguria - U02;7;LEGA;45906.73713076739;275612.1439416567
Emilia-Romagna - U01;8;LEGA;52289.03970832161;244479.65909446092
Emilia-Romagna - U02;8;LEGA;39651.90554862978;263194.3912752812
Emilia-Romagna - U03;8;LEGA;47542.997655201194;330440.2741207564
Emilia-Romagna - U04;8;LEGA;48383.50337356868;304795.2093300298
Emilia-Romagna - U05;8;LEGA;46087.33894246675;295604.8359629523
Toscana - U01;9;LEGA;42266.36553188947;282914.53186954674
Toscana - U02;9;LEGA;43680.86897411183;278392.5069688594
Toscana - U03;9;LEGA;46067.73916774755;279700.2622462828
Toscana - U04;9;LEGA;32828.09480324064;281471.0621836037
Umbria - U01;10;LEGA;37140.18353725763;226727.4031779862
Marche - U01;11;LEGA;38599.79180697232;267528.8987972613
Marche - U02;11;LEGA;36843.442663226735;258174.20258694486
Lazio - U01;12;LEGA;38620.91751918807;277021.13985124667
Lazio - U02;12;LEGA;26319.983311982403;282986.49477137043
Lazio - U03;12;LEGA;26004.274855956723;269977.7406600742
Lazio - U04;12;LEGA;28249.484415331117;288757.7357656404
Lazio - U05;12;LEGA;34675.193128486935;272125.0597011837
Lazio - U06;12;LEGA;33365.48169279583;263372.48510086513
Abruzzo - U01;13;LEGA;37924.67908670782;326732.145572257
Molise - U01;14;LEGA;10212.710189077965;149729.50874401664
Campania - U01;15;LEGA;12920.984147043364;254933.0104178779
Campania - U02;15;LEGA;12221.941521757548;237553.3770554786
Campania - U03;15;LEGA;14686.441945496897;234172.32599064184
Campania - U04;15;LEGA;4315.3006861715085;191402.94636690538
Campania - U05;15;LEGA;8115.293101115935;254555.11734600458
Campania - U06;15;LEGA;7433.596803769269;239975.36642456855
Campania - U07;15;LEGA;6034.779817728261;224649.6874921074
Puglia - U01;16;LEGA;12171.12352505756;202609.92013222422
Puglia - U02;16;LEGA;11749.6721664286;236933.36321744445
Puglia - U03;16;LEGA;11924.957840399578;245211.5022823522
Puglia - U04;16;LEGA;13037.553436836479;242387.2847999702
Puglia - U05;16;LEGA;15453.203741621992;254680.18142676353
Basilicata - U01;17;LEGA;16205.379527482686;276160.75654209376
Calabria - U01;18;LEGA;8347.665553657629;202194.9514722834
Calabria - U02;18;LEGA;10715.06247696949;205487.70736068604
Sicilia - U01;19;LEGA;9997.315545728574;232879.8792053461
Sicilia - U02;19;LEGA;10514.81411872313;239426.63625133815
Sicilia - U03;19;LEGA;9832.965520100779;213499.39711449042
Sicilia - U04;19;LEGA;10385.556103683382;247378.10633911387
Sicilia - U05;19;LEGA;11779.04803963288;274274.2034511382
Sicilia - U06;19;LEGA;10967.649224125897;219479.0523163057
Sardegna - U01;20;LEGA;25096.01861087593;268277.2262144685
Sardegna - U02;20;LEGA;22462.802666215033;239642.65180268884
Piemonte - U01;1;LEUV;30237.88764668269;296459.7423773326
Piemonte - U02;1;LEUV;19352.373569368207;284845.8499152792
Piemonte - U03;1;LEUV;12992.859047051485;256365.64401798265
Piemonte - U04;1;LEUV;15452.469725946114;254117.11140997807
Piemonte - U05;1;LEUV;15147.25778694421;283909.2657317352
Valle d'aosta/Vallée d'Aoste - U01;2;LEUV;16570.093805684486;118664.06101784734
Lombardia - U01;3;LEUV;11812.929325729672;298698.32484725036
Lombardia - U02;3;LEUV;9893.879269431298;263200.2536961763
Lombardia - U03;3;LEUV;21047.349534288995;263096.06486140995
Lombardia - U04;3;LEUV;16933.702131330218;288139.29451451194
Lombardia - U05;3;LEUV;15809.69519310401;299756.8693838378
Lombardia - U06;3;LEUV;16825.365903309354;300319.13952709397
Lombardia - U07;3;LEUV;13213.577883984808;313024.6383276995
Lombardia - U08;3;LEUV;12002.088319103057;283755.19567313476
Lombardia - U09;3;LEUV;11937.151551783816;268999.3418359662
Lombardia - U10;3;LEUV;13595.058304457103;274247.0685125134
Lombardia - U11;3;LEUV;13573.98206593999;270574.2794517492
Trentino-Alto Adige/Südtirol - U01;4;LEUV;7224.293536245175;116271.48115902561
Trentino-Alto Adige/Südtirol - U02;4;LEUV;4977.787243690423;91958.38829854796
Trentino-Alto Adige/Südtirol - U03;4;LEUV;2739.9465904155495;62624.63332788396
Trentino-Alto Adige/Südtirol - U04;4;LEUV;7420.8368733533025;82784.31568995054
Trentino-Alto Adige/Südtirol - U05;4;LEUV;4345.313151794395;59560.30391763107
Trentino-Alto Adige/Südtirol - U06;4;LEUV;5694.616275377978;73749.12456477071
Veneto - U01;5;LEUV;15419.5309102677;269192.91807890346
Veneto - U02;5;LEUV;12430.839564826332;327387.84459639434
Veneto - U03;5;LEUV;16740.600900660807;328393.7395562002
Veneto - U04;5;LEUV;11981.329374867053;311132.96699904616
Veneto - U05;5;LEUV;8872.064958562718;236950.03429198932
Friuli-Venezia Giulia - U01;6;LEUV;17137.857683061182;326807.56738484267
Liguria - U01;7;LEUV;15816.847573322182;259936.59263559483
Liguria - U02;7;LEUV;21560.074807185472;275612.1439416567
Emilia-Romagna - U01;8;LEUV;16207.30669921041;244479.65909446092
Emilia-Romagna - U02;8;LEUV;21806.211218539855;263194.3912752812
Emilia-Romagna - U03;8;LEUV;39073.67871848803;330440.2741207564
Emilia-Romagna - U04;8;LEUV;25094.236399646732;304795.2093300298
Emilia-Romagna - U05;8;LEUV;18387.048798997632;295604.8359629523
Toscana - U01;9;LEUV;19383.86266203284;282914.53186954674
Toscana - U02;9;LEUV;24522.51373747016;278392.5069688594
Toscana - U03;9;LEUV;18055.133617749452;279700.2622462828
Toscana - U04;9;LEUV;29755.207927720763;281471.0621836037
Umbria - U01;10;LEUV;12728.214947561857;226727.4031779862
Marche - U01;11;LEUV;14114.743465766214;267528.8987972613
Marche - U02;11;LEUV;13872.861229966242;258174.20258694486
Lazio - U01;12;LEUV;14142.643613679184;277021.13985124667
Lazio - U02;12;LEUV;22868.142000992302;282986.49477137043
Lazio - U03;12;LEUV;21040.35177155368;269977.7406600742
Lazio - U04;12;LEUV;19649.23057248401;288757.7357656404
Lazio - U05;12;LEUV;15064.269477655373;272125.0597011837
Lazio - U06;12;LEUV;12487.615538016826;263372.48510086513
Abruzzo - U01;13;LEUV;15701.399424784195;326732.145572257
Molise - U01;14;LEUV;10260.520196868361;149729.50874401664
Campania - U01;15;LEUV;9829.697218382427;254933.0104178779
Campania - U02;15;LEUV;11455.388135147796;237553.3770554786
Campania - U03;15;LEUV;11571.127100168484;234172.32599064184
Campania - U04;15;LEUV;13101.635851101308;191402.94636690538
Campania - U05;15;LEUV;11839.832835676827;254555.11734600458
Campania - U06;15;LEUV;10919.32448844051;239975.36642456855
Campania - U07;15;LEUV;10166.153259273216;224649.6874921074
Puglia - U01;16;LEUV;8621.239383154641;202609.92013222422
Puglia - U02;16;LEUV;12562.814878404663;236933.36321744445
Puglia - U03;16;LEUV;14921.33570629934;245211.5022823522
Puglia - U04;16;LEUV;12654.998663242312;242387.2847999702
Puglia - U05;16;LEUV;17953.967165852722;254680.18142676353
Basilicata - U01;17;LEUV;29907.256866585274;276160.75654209376
Calabria - U01;18;LEUV;10285.859454886213;202194.9514722834
Calabria - U02;18;LEUV;10831.372473440613;205487.70736068604
Sicilia - U01;19;LEUV;14727.328962494807;232879.8792053461
Sicilia - U02;19;LEUV;12390.63485032424;239426.63625133815
Sicilia - U03;19;LEUV;10938.870162893298;213499.39711449042
Sicilia - U04;19;LEUV;10227.767999676724;247378.10633911387
Sicilia - U05;19;LEUV;12793.833602472694;274274.2034511382
Sicilia - U06;19;LEUV;11848.15498455994;219479.0523163057
Sardegna - U01;20;LEUV;15693.329712461982;268277.2262144685
Sardegna - U02;20;LEUV;11642.35720518432;239642.65180268884
Piemonte - U01;1;M5S;24477.239726793887;296459.7423773326
Piemonte - U02;1;M5S;28212.46817741098;284845.8499152792
Piemonte - U03;1;M5S;20770.30052865835;256365.64401798265
Piemonte - U04;1;M5S;22032.04054823023;254117.11140997807
Piemonte - U05;1;M5S;22599.46859029036;283909.2657317352
Valle d'aosta/Vallée d'Aoste - U01;2;M5S;4886.727295163382;118664.06101784734
Lombardia - U01;3;M5S;22784.890946256455;298698.32484725036
Lombardia - U02;3;M5S;15545.46224718134;263200.2536961763
Lombardia - U03;3;M5S;16772.246683282425;263096.06486140995
Lombardia - U04;3;M5S;24877.815692170214;288139.29451451194
Lombardia - U05;3;M5S;25624.43778423133;299756.8693838378
Lombardia - U06;3;M5S;23730.990219481257;300319.13952709397
Lombardia - U07;3;M5S;17463.233150350927;313024.6383276995
Lombardia - U08;3;M5S;16597.052537173262;283755.19567313476
Lombardia - U09;3;M5S;17382.105386488223;268999.3418359662
Lombardia - U10;3;M5S;20149.405547002098;274247.0685125134
Lombardia - U11;3;M5S;20862.388493873004;270574.2794517492
Trentino-Alto Adige/Südtirol - U01;4;M5S;8553.1442065492;116271.48115902561
Trentino-Alto Adige/Südtirol - U02;4;M5S;8095.318147336908;91958.38829854796
Trentino-Alto Adige/Südtirol - U03;4;M5S;4705.941499706578;62624.63332788396
Trentino-Alto Adige/Südtirol - U04;4;M5S;5621.322752710997;82784.31568995054
Trentino-Alto Adige/Südtirol - U05;4;M5S;2234.136578934839;59560.30391763107
Trentino-Alto Adige/Südtirol - U06;4;M5S;2299.7759876685536;73749.12456477071
Veneto - U01;5;M5S;24718.86800981969;269192.91807890346
Veneto - U02;5;M5S;23755.894819249577;327387.84459639434
Veneto - U03;5;M5S;26680.546869025722;328393.7395562002
Veneto - U04;5;M5S;24224.197782911575;311132.96699904616
Veneto - U05;5;M5S;18046.222677467984;236950.03429198932
Friuli-Venezia Giulia - U01;6;M5S;25920.643772089614;326807.56738484267
Liguria - U01;7;M5S;25255.699032346343;259936.59263559483
Liguria - U02;7;M5S;25152.638242437628;275612.1439416567
Emilia-Romagna - U01;8;M5S;19811.611517250265;244479.65909446092
Emilia-Romagna - U02;8;M5S;24211.848690156963;263194.3912752812
Emilia-Romagna - U03;8;M5S;28067.20779411383;330440.2741207564
Emilia-Romagna - U04;8;M5S;27066.748553121222;304795.2093300298
Emilia-Romagna - U05;8;M5S;29712.090176978145;295604.8359629523
Toscana - U01;9;M5S;23531.602783318995;282914.53186954674
Toscana - U02;9;M5S;24181.563352808465;278392.5069688594
Toscana - U03;9;M5S;24673.54020456884;279700.2622462828
Toscana - U04;9;M5S;21818.710178684618;281471.0621836037
Umbria - U01;10;M5S;20513.270311940483;226727.4031779862
Marche - U01;11;M5S;31282.99027503396;267528.8987972613
Marche - U02;11;M5S;30201.31357917786;258174.20258694486
Lazio - U01;12;M5S;30786.19989858076;277021.13985124667
Lazio - U02;12;M5S;30542.7442692997;282986.49477137043
Lazio - U03;12;M5S;29927.255354661236;269977.7406600742
Lazio - U04;12;M5S;37116.93270317683;288757.7357656404
Lazio - U05;12;M5S;31854.257422033323;272125.0597011837
Lazio - U06;12;M5S;31582.470574047948;263372.48510086513
Abruzzo - U01;13;M5S;42747.71238724841;326732.145572257
Molise - U01;14;M5S;22824.462458061;149729.50874401664
Campania - U01;15;M5S;40527.28148427181;254933.0104178779
Campania - U02;15;M5S;35418.84999422413;237553.3770554786
Campania - U03;15;M5S;30195.149914484307;234172.32599064184
Campania - U04;15;M5S;33089.013650091874;191402.94636690538
Campania - U05;15;M5S;46996.983793169435;254555.11734600458
Campania - U06;15;M5S;37945.85558704917;239975.36642456855
Campania - U07;15;M5S;39730.168563151215;224649.6874921074
Puglia - U01;16;M5S;30194.337068684603;202609.92013222422
Puglia - U02;16;M5S;36287.77412179588;236933.36321744445
Puglia - U03;16;M5S;37613.41699183355;245211.5022823522
Puglia - U04;16;M5S;36127.922494550316;242387.2847999702
Puglia - U05;16;M5S;34612.12967872485;254680.18142676353
Basilicata - U01;17;M5S;40049.716028316965;276160.75654209376
Calabria - U01;18;M5S;34204.06165092612;202194.9514722834
Calabria - U02;18;M5S;26959.346951731255;205487.70736068604
Sicilia - U01;19;M5S;36628.749580051925;232879.8792053461
Sicilia - U02;19;M5S;38517.13956013337;239426.63625133815
Sicilia - U03;19;M5S;36266.419551948784;213499.39711449042
Sicilia - U04;19;M5S;40614.3140068929;247378.10633911387
Sicilia - U05;19;M5S;48160.84286425786;274274.2034511382
Sicilia - U06;19;M5S;33581.18099141275;219479.0523163057
Sardegna - U01;20;M5S;38272.7094973725;268277.2262144685
Sardegna - U02;20;M5S;34154.97242759523;239642.65180268884
Piemonte - U01;1;PD;92444.8491340853;296459.7423773326
Piemonte - U02;1;PD;68421.81343178634;284845.8499152792
Piemonte - U03;1;PD;59616.79648072587;256365.64401798265
Piemonte - U04;1;PD;56469.21555923579;254117.11140997807
Piemonte - U05;1;PD;62560.00960573676;283909.2657317352
Valle d'aosta/Vallée d'Aoste - U01;2;PD;18994.295845164866;118664.06101784734
Lombardia - U01;3;PD;67521.44112686769;298698.32484725036
Lombardia - U02;3;PD;52082.12222821749;263200.2536961763
Lombardia - U03;3;PD;83025.73725665778;263096.06486140995
Lombardia - U04;3;PD;74541.62303565904;288139.29451451194
Lombardia - U05;3;PD;75622.1979278732;299756.8693838378
Lombardia - U06;3;PD;78952.2943375089;300319.13952709397
Lombardia - U07;3;PD;80808.06293357862;313024.6383276995
Lombardia - U08;3;PD;62246.090642427895;283755.19567313476
Lombardia - U09;3;PD;62619.99783932797;268999.3418359662
Lombardia - U10;3;PD;61736.21615138498;274247.0685125134
Lombardia - U11;3;PD;70782.83243223882;270574.2794517492
Trentino-Alto Adige/Südtirol - U01;4;PD;29069.373744327735;116271.48115902561
Trentino-Alto Adige/Südtirol - U02;4;PD;21348.310027535634;91958.38829854796
Trentino-Alto Adige/Südtirol - U03;4;PD;10806.297927432866;62624.63332788396
Trentino-Alto Adige/Südtirol - U04;4;PD;12928.789453536589;82784.31568995054
Trentino-Alto Adige/Südtirol - U05;4;PD;4331.597502315541;59560.30391763107
Trentino-Alto Adige/Südtirol - U06;4;PD;4878.3829569625195;73749.12456477071
Veneto - U01;5;PD;58944.87787446523;269192.91807890346
Veneto - U02;5;PD;59093.08697675768;327387.84459639434
Veneto - U03;5;PD;69339.7102667969;328393.7395562002
Veneto - U04;5;PD;58387.11339853484;311132.96699904616
Veneto - U05;5;PD;42187.38622549732;236950.03429198932
Friuli-Venezia Giulia - U01;6;PD;73955.96237120916;326807.56738484267
Liguria - U01;7;PD;56816.20589850937;259936.59263559483
Liguria - U02;7;PD;68442.97553787139;275612.1439416567
Emilia-Romagna - U01;8;PD;57454.2983425917;244479.65909446092
Emilia-Romagna - U02;8;PD;87182.23229411514;263194.3912752812
Emilia-Romagna - U03;8;PD;109860.20397030227;330440.2741207564
Emilia-Romagna - U04;8;PD;101026.8982805905;304795.2093300298
Emilia-Romagna - U05;8;PD;87156.1741591077;295604.8359629523
Toscana - U01;9;PD;100230.38220342656;282914.53186954674
Toscana - U02;9;PD;93331.47670342683;278392.5069688594
Toscana - U03;9;PD;82598.63461891378;279700.2622462828
Toscana - U04;9;PD;123669.18093089359;281471.0621836037
Umbria - U01;10;PD;69111.56951275324;226727.4031779862
Marche - U01;11;PD;67779.82012902701;267528.8987972613
Marche - U02;11;PD;72475.64492105973;258174.20258694486
Lazio - U01;12;PD;56026.6983088711;277021.13985124667
Lazio - U02;12;PD;70508.6458665279;282986.49477137043
Lazio - U03;12;PD;65405.794259083894;269977.7406600742
Lazio - U04;12;PD;59990.17115210525;288757.7357656404
Lazio - U05;12;PD;54595.18806169777;272125.0597011837
Lazio - U06;12;PD;43487.02152305841;263372.48510086513
Abruzzo - U01;13;PD;54413.35545986701;326732.145572257
Molise - U01;14;PD;25638.512948080086;149729.50874401664
Campania - U01;15;PD;39009.888870389004;254933.0104178779
Campania - U02;15;PD;45040.90987994113;237553.3770554786
Campania - U03;15;PD;41756.22907631518;234172.32599064184
Campania - U04;15;PD;33875.56642338272;191402.94636690538
Campania - U05;15;PD;32123.601326301494;254555.11734600458
Campania - U06;15;PD;42020.95546473393;239975.36642456855
Campania - U07;15;PD;32058.92907559205;224649.6874921074
Puglia - U01;16;PD;33261.44531955907;202609.92013222422
Puglia - U02;16;PD;38814.605717435894;236933.36321744445
Puglia - U03;16;PD;40297.70691806171;245211.5022823522
Puglia - U04;16;PD;39595.94065281683;242387.2847999702
Puglia - U05;16;PD;45523.371031362476;254680.18142676353
Basilicata - U01;17;PD;56442.114348738854;276160.75654209376
Calabria - U01;18;PD;32937.33728364192;202194.9514722834
Calabria - U02;18;PD;36383.726368293304;205487.70736068604
Sicilia - U01;19;PD;30765.351225775412;232879.8792053461
Sicilia - U02;19;PD;29129.006905258862;239426.63625133815
Sicilia - U03;19;PD;26602.50050137691;213499.39711449042
Sicilia - U04;19;PD;30428.09019854647;247378.10633911387
Sicilia - U05;19;PD;36638.88870302959;274274.2034511382
Sicilia - U06;19;PD;34528.06058998503;219479.0523163057
Sardegna - U01;20;PD;46760.99591930061;268277.2262144685
Sardegna - U02;20;PD;45750.15686665794;239642.65180268884
Piemonte - U01;1;SVP;6.9673060137237615;296459.7423773326
Piemonte - U02;1;SVP;6.9673060137237615;284845.8499152792
Piemonte - U03;1;SVP;6.9673060137237615;256365.64401798265
Piemonte - U04;1;SVP;6.9673060137237615;254117.11140997807
Piemonte - U05;1;SVP;6.9673060137237615;283909.2657317352
Valle d'aosta/Vallée d'Aoste - U01;2;SVP;6.9673060137237615;118664.06101784734
Lombardia - U01;3;SVP;6.9673060137237615;298698.32484725036
Lombardia - U02;3;SVP;8670.134354766504;263200.2536961763
Lombardia - U03;3;SVP;6.9673060137237615;263096.06486140995
Lombardia - U04;3;SVP;6.9673060137237615;288139.29451451194
Lombardia - U05;3;SVP;6.9673060137237615;299756.8693838378
Lombardia - U06;3;SVP;6.9673060137237615;300319.13952709397
Lombardia - U07;3;SVP;6.9673060137237615;313024.6383276995
Lombardia - U08;3;SVP;2962.8665866906294;283755.19567313476
Lombardia - U09;3;SVP;6.9673060137237615;268999.3418359662
Lombardia - U10;3;SVP;6.9673060137237615;274247.0685125134
Lombardia - U11;3;SVP;6.9673060137237615;270574.2794517492
Trentino-Alto Adige/Südtirol - U01;4;SVP;5331.90771765492;116271.48115902561
Trentino-Alto Adige/Südtirol - U02;4;SVP;2728.893904673431;91958.38829854796
Trentino-Alto Adige/Südtirol - U03;4;SVP;2469.6604351747706;62624.63332788396
Trentino-Alto Adige/Südtirol - U04;4;SVP;15348.929160414438;82784.31568995054
Trentino-Alto Adige/Südtirol - U05;4;SVP;25302.151175956828;59560.30391763107
Trentino-Alto Adige/Südtirol - U06;4;SVP;34284.79543212205;73749.12456477071
Veneto - U01;5;SVP;6.9673060137237615;269192.91807890346
Veneto - U02;5;SVP;15245.271875420754;327387.84459639434
Veneto - U03;5;SVP;6.9673060137237615;328393.7395562002
Veneto - U04;5;SVP;2586.513683319378;311132.96699904616
Veneto - U05;5;SVP;2726.3068431701076;236950.03429198932
Friuli-Venezia Giulia - U01;6;SVP;6.9673060137237615;326807.56738484267
Liguria - U01;7;SVP;6.9673060137237615;259936.59263559483
Liguria - U02;7;SVP;6.9673060137237615;275612.1439416567
Emilia-Romagna - U01;8;SVP;6.9673060137237615;244479.65909446092
Emilia-Romagna - U02;8;SVP;6.9673060137237615;263194.3912752812
Emilia-Romagna - U03;8;SVP;6.9673060137237615;330440.2741207564
Emilia-Romagna - U04;8;SVP;6.9673060137237615;304795.2093300298
Emilia-Romagna - U05;8;SVP;6.9673060137237615;295604.8359629523
Toscana - U01;9;SVP;6.9673060137237615;282914.53186954674
Toscana - U02;9;SVP;6.9673060137237615;278392.5069688594
Toscana - U03;9;SVP;6.9673060137237615;279700.2622462828
Toscana - U04;9;SVP;6.9673060137237615;281471.0621836037
Umbria - U01;10;SVP;6.9673060137237615;226727.4031779862
Marche - U01;11;SVP;6.9673060137237615;267528.8987972613
Marche - U02;11;SVP;6.9673060137237615;258174.20258694486
Lazio - U01;12;SVP;6.9673060137237615;277021.13985124667
Lazio - U02;12;SVP;6.9673060137237615;282986.49477137043
Lazio - U03;12;SVP;6.9673060137237615;269977.7406600742
Lazio - U04;12;SVP;6.9673060137237615;288757.7357656404
Lazio - U05;12;SVP;6.9673060137237615;272125.0597011837
Lazio - U06;12;SVP;6.9673060137237615;263372.48510086513
Abruzzo - U01;13;SVP;6.9673060137237615;326732.145572257
Molise - U01;14;SVP;6.9673060137237615;149729.50874401664
Campania - U01;15;SVP;6.9673060137237615;254933.0104178779
Campania - U02;15;SVP;6.9673060137237615;237553.3770554786
Campania - U03;15;SVP;6.9673060137237615;234172.32599064184
Campania - U04;15;SVP;6.9673060137237615;191402.94636690538
Campania - U05;15;SVP;6.9673060137237615;254555.11734600458
Campania - U06;15;SVP;6.9673060137237615;239975.36642456855
Campania - U07;15;SVP;6.9673060137237615;224649.6874921074
Puglia - U01;16;SVP;6.9673060137237615;202609.92013222422
Puglia - U02;16;SVP;6.9673060137237615;236933.36321744445
Puglia - U03;16;SVP;6.9673060137237615;245211.5022823522
Puglia - U04;16;SVP;6.9673060137237615;242387.2847999702
Puglia - U05;16;SVP;6.9673060137237615;254680.18142676353
Basilicata - U01;17;SVP;6.9673060137237615;276160.75654209376
Calabria - U01;18;SVP;6.9673060137237615;202194.9514722834
Calabria - U02;18;SVP;6.9673060137237615;205487.70736068604
Sicilia - U01;19;SVP;6.9673060137237615;232879.8792053461
Sicilia - U02;19;SVP;6.9673060137237615;239426.63625133815
Sicilia - U03;19;SVP;6.9673060137237615;213499.39711449042
Sicilia - U04;19;SVP;6.9673060137237615;247378.10633911387
Sicilia - U05;19;SVP;6.9673060137237615;274274.2034511382
Sicilia - U06;19;SVP;6.9673060137237615;219479.0523163057
Sardegna - U01;20;SVP;6.9673060137237615;268277.2262144685
Sardegna - U02;20;SVP;6.9673060137237615;239642.65180268884
Piemonte - U01;1;IV;6888.455142799935;296459.7423773326
Piemonte - U02;1;IV;4491.755871013492;284845.8499152792
Piemonte - U03;1;IV;6254.511631622973;256365.64401798265
Piemonte - U04;1;IV;4374.8597134054135;254117.11140997807
Piemonte - U05;1;IV;6214.854317399834;283909.2657317352
Valle d'aosta/Vallée d'Aoste - U01;2;IV;2764.6415484602026;118664.06101784734
Lombardia - U01;3;IV;8908.688674036766;298698.32484725036
Lombardia - U02;3;IV;5614.421012929502;263200.2536961763
Lombardia - U03;3;IV;3915.1167274277063;263096.06486140995
Lombardia - U04;3;IV;6567.52495952281;288139.29451451194
Lombardia - U05;3;IV;4525.435867863165;299756.8693838378
Lombardia - U06;3;IV;9531.228911378927;300319.13952709397
Lombardia - U07;3;IV;7496.027939998709;313024.6383276995
Lombardia - U08;3;IV;5685.13712625729;283755.19567313476
Lombardia - U09;3;IV;4169.745187404789;268999.3418359662
Lombardia - U10;3;IV;6313.928227717604;274247.0685125134
Lombardia - U11;3;IV;6599.609970525496;270574.2794517492
Trentino-Alto Adige/Südtirol - U01;4;IV;2303.721991517;116271.48115902561
Trentino-Alto Adige/Südtirol - U02;4;IV;3157.4380424204373;91958.38829854796
Trentino-Alto Adige/Südtirol - U03;4;IV;977.060743909046;62624.63332788396
Trentino-Alto Adige/Südtirol - U04;4;IV;1781.8478331966246;82784.31568995054
Trentino-Alto Adige/Südtirol - U05;4;IV;1972.0975149166402;59560.30391763107
Trentino-Alto Adige/Südtirol - U06;4;IV;1333.6472723542388;73749.12456477071
Veneto - U01;5;IV;4297.385980700193;269192.91807890346
Veneto - U02;5;IV;7826.776588750964;327387.84459639434
Veneto - U03;5;IV;17364.321126985604;328393.7395562002
Veneto - U04;5;IV;13508.109695816805;311132.96699904616
Veneto - U05;5;IV;3514.1324545582083;236950.03429198932
Friuli-Venezia Giulia - U01;6;IV;7939.7961340053835;326807.56738484267
Liguria - U01;7;IV;5477.686025364357;259936.59263559483
Liguria - U02;7;IV;6288.077508268949;275612.1439416567
Emilia-Romagna - U01;8;IV;4866.677633189671;244479.65909446092
Emilia-Romagna - U02;8;IV;4095.9922123981637;263194.3912752812
Emilia-Romagna - U03;8;IV;8642.520494451914;330440.2741207564
Emilia-Romagna - U04;8;IV;2554.5355736797505;304795.2093300298
Emilia-Romagna - U05;8;IV;4981.772848425319;295604.8359629523
Toscana - U01;9;IV;26003.731460411567;282914.53186954674
Toscana - U02;9;IV;24989.972167149695;278392.5069688594
Toscana - U03;9;IV;25209.321848809315;279700.2622462828
Toscana - U04;9;IV;27090.517384963692;281471.0621836037
Umbria - U01;10;IV;3305.8945967516233;226727.4031779862
Marche - U01;11;IV;3615.406300035476;267528.8987972613
Marche - U02;11;IV;3969.7907313686246;258174.20258694486
Lazio - U01;12;IV;17257.249876412734;277021.13985124667
Lazio - U02;12;IV;20893.43581674449;282986.49477137043
Lazio - U03;12;IV;19975.309319105607;269977.7406600742
Lazio - U04;12;IV;20006.748155278754;288757.7357656404
Lazio - U05;12;IV;18223.716129424436;272125.0597011837
Lazio - U06;12;IV;15558.274458365886;263372.48510086513
Abruzzo - U01;13;IV;6314.598428522817;326732.145572257
Molise - U01;14;IV;4317.768081534335;149729.50874401664
Campania - U01;15;IV;5036.327611068494;254933.0104178779
Campania - U02;15;IV;4953.734807157412;237553.3770554786
Campania - U03;15;IV;6849.813461536476;234172.32599064184
Campania - U04;15;IV;4387.297179997424;191402.94636690538
Campania - U05;15;IV;6470.995029356342;254555.11734600458
Campania - U06;15;IV;5033.393365264934;239975.36642456855
Campania - U07;15;IV;903.4827871432346;224649.6874921074
Puglia - U01;16;IV;5194.324887448163;202609.92013222422
Puglia - U02;16;IV;5576.8814188823;236933.36321744445
Puglia - U03;16;IV;3272.642837701341;245211.5022823522
Puglia - U04;16;IV;4586.55020480849;242387.2847999702
Puglia - U05;16;IV;4372.7253654051165;254680.18142676353
Basilicata - U01;17;IV;6100.115360184989;276160.75654209376
Calabria - U01;18;IV;3011.2424042887947;202194.9514722834
Calabria - U02;18;IV;4263.030343819636;205487.70736068604
Sicilia - U01;19;IV;6336.527746324819;232879.8792053461
Sicilia - U02;19;IV;5162.084537717871;239426.63625133815
Sicilia - U03;19;IV;3792.6520832462606;213499.39711449042
Sicilia - U04;19;IV;5122.65000698226;247378.10633911387
Sicilia - U05;19;IV;5327.755417783947;274274.2034511382
Sicilia - U06;19;IV;4017.199325130437;219479.0523163057
Sardegna - U01;20;IV;5427.429980302447;268277.2262144685
Sardegna - U02;20;IV;4371.567836112136;239642.65180268884
Piemonte - U01;1;ITALEX;9317.436176616271;296459.7423773326
Piemonte - U02;1;ITALEX;8331.112203261066;284845.8499152792
Piemonte - U03;1;ITALEX;3154.4022960442467;256365.64401798265
Piemonte - U04;1;ITALEX;7965.036729901907;254117.11140997807
Piemonte - U05;1;ITALEX;6678.915444171048;283909.2657317352
Valle d'aosta/Vallée d'Aoste - U01;2;ITALEX;6196.047455099004;118664.06101784734
Lombardia - U01;3;ITALEX;7149.0602278606575;298698.32484725036
Lombardia - U02;3;ITALEX;10048.925163298183;263200.2536961763
Lombardia - U03;3;ITALEX;7684.812987300634;263096.06486140995
Lombardia - U04;3;ITALEX;9350.139789565388;288139.29451451194
Lombardia - U05;3;ITALEX;8484.003837137978;299756.8693838378
Lombardia - U06;3;ITALEX;6999.210459574863;300319.13952709397
Lombardia - U07;3;ITALEX;11852.544957545066;313024.6383276995
Lombardia - U08;3;ITALEX;7891.173698245694;283755.19567313476
Lombardia - U09;3;ITALEX;5896.767498083355;268999.3418359662
Lombardia - U10;3;ITALEX;8394.289118374549;274247.0685125134
Lombardia - U11;3;ITALEX;8912.933086335684;270574.2794517492
Trentino-Alto Adige/Südtirol - U01;4;ITALEX;3439.2326975170977;116271.48115902561
Trentino-Alto Adige/Südtirol - U02;4;ITALEX;3193.4724810272533;91958.38829854796
Trentino-Alto Adige/Südtirol - U03;4;ITALEX;2528.971096536659;62624.63332788396
Trentino-Alto Adige/Südtirol - U04;4;ITALEX;1989.8271729587757;82784.31568995054
Trentino-Alto Adige/Südtirol - U05;4;ITALEX;1935.1703694968594;59560.30391763107
Trentino-Alto Adige/Südtirol - U06;4;ITALEX;2327.1174037028127;73749.12456477071
Veneto - U01;5;ITALEX;7603.188276591747;269192.91807890346
Veneto - U02;5;ITALEX;9610.937746773565;327387.84459639434
Veneto - U03;5;ITALEX;8013.836621486967;328393.7395562002
Veneto - U04;5;ITALEX;8260.746207136168;311132.96699904616
Veneto - U05;5;ITALEX;5926.699801007887;236950.03429198932
Friuli-Venezia Giulia - U01;6;ITALEX;8269.42070312668;326807.56738484267
Liguria - U01;7;ITALEX;9693.224565704159;259936.59263559483
Liguria - U02;7;ITALEX;6561.737977522441;275612.1439416567
Emilia-Romagna - U01;8;ITALEX;4087.9173060972917;244479.65909446092
Emilia-Romagna - U02;8;ITALEX;6756.596795082039;263194.3912752812
Emilia-Romagna - U03;8;ITALEX;12373.369782516867;330440.2741207564
Emilia-Romagna - U04;8;ITALEX;7810.211272980776;304795.2093300298
Emilia-Romagna - U05;8;ITALEX;9297.42115442222;295604.8359629523
Toscana - U01;9;ITALEX;10127.225950337232;282914.53186954674
Toscana - U02;9;ITALEX;6403.572390837878;278392.5069688594
Toscana - U03;9;ITALEX;9566.612670926606;279700.2622462828
Toscana - U04;9;ITALEX;7535.877086000585;281471.0621836037
Umbria - U01;10;ITALEX;6683.810996064829;226727.4031779862
Marche - U01;11;ITALEX;7330.3908238777885;267528.8987972613
Marche - U02;11;ITALEX;6985.038284879277;258174.20258694486
Lazio - U01;12;ITALEX;6873.258859094045;277021.13985124667
Lazio - U02;12;ITALEX;8036.005832284504;282986.49477137043
Lazio - U03;12;ITALEX;8109.067463603485;269977.7406600742
Lazio - U04;12;ITALEX;9044.355009314682;288757.7357656404
Lazio - U05;12;ITALEX;16817.259277586934;272125.0597011837
Lazio - U06;12;ITALEX;7513.4688961584825;263372.48510086513
Abruzzo - U01;13;ITALEX;8727.36560788508;326732.145572257
Molise - U01;14;ITALEX;3926.9568399075697;149729.50874401664
Campania - U01;15;ITALEX;8663.638897797366;254933.0104178779
Campania - U02;15;ITALEX;7619.821873733841;237553.3770554786
Campania - U03;15;ITALEX;9002.982765723273;234172.32599064184
Campania - U04;15;ITALEX;4593.004609164672;191402.94636690538
Campania - U05;15;ITALEX;10634.030288088132;254555.11734600458
Campania - U06;15;ITALEX;10322.682177838886;239975.36642456855
Campania - U07;15;ITALEX;8517.956511758328;224649.6874921074
Puglia - U01;16;ITALEX;4904.313178146047;202609.92013222422
Puglia - U02;16;ITALEX;5509.885289720991;236933.36321744445
Puglia - U03;16;ITALEX;5333.6071207647865;245211.5022823522
Puglia - U04;16;ITALEX;7716.01079948655;242387.2847999702
Puglia - U05;16;ITALEX;7107.9911475081835;254680.18142676353
Basilicata - U01;17;ITALEX;8240.891427562423;276160.75654209376
Calabria - U01;18;ITALEX;6080.558026923114;202194.9514722834
Calabria - U02;18;ITALEX;6748.9226902210585;205487.70736068604
Sicilia - U01;19;ITALEX;7081.2175816572335;232879.8792053461
Sicilia - U02;19;ITALEX;7606.64313627224;239426.63625133815
Sicilia - U03;19;ITALEX;4978.355768666849;213499.39711449042
Sicilia - U04;19;ITALEX;10547.723125341445;247378.10633911387
Sicilia - U05;19;ITALEX;8364.182598451463;274274.2034511382
Sicilia - U06;19;ITALEX;6559.519618920275;219479.0523163057
Sardegna - U01;20;ITALEX;7706.477606741016;268277.2262144685
Sardegna - U02;20;ITALEX;7895.409078753342;239642.65180268884
Piemonte - U01;1;IPF;7464.996160472802;296459.7423773326
Piemonte - U02;1;IPF;8191.616524249762;284845.8499152792
Piemonte - U03;1;IPF;5925.1512628898045;256365.64401798265
Piemonte - U04;1;IPF;5975.803846506474;254117.11140997807
Piemonte - U05;1;IPF;5641.774439849438;283909.2657317352
Valle d'aosta/Vallée d'Aoste - U01;2;IPF;2137.407263603962;118664.06101784734
Lombardia - U01;3;IPF;8148.071147144447;298698.32484725036
Lombardia - U02;3;IPF;5972.1488224702325;263200.2536961763
Lombardia - U03;3;IPF;2680.7696517398444;263096.06486140995
Lombardia - U04;3;IPF;7120.370744464507;288139.29451451194
Lombardia - U05;3;IPF;6645.950291880225;299756.8693838378
Lombardia - U06;3;IPF;7300.861578018575;300319.13952709397
Lombardia - U07;3;IPF;8179.520348062053;313024.6383276995
Lombardia - U08;3;IPF;7022.805998593277;283755.19567313476
Lombardia - U09;3;IPF;6291.746585554798;268999.3418359662
Lombardia - U10;3;IPF;5292.927260103005;274247.0685125134
Lombardia - U11;3;IPF;7132.756424477814;270574.2794517492
Trentino-Alto Adige/Südtirol - U01;4;IPF;3026.1593599719877;116271.48115902561
Trentino-Alto Adige/Südtirol - U02;4;IPF;2604.6211227936856;91958.38829854796
Trentino-Alto Adige/Südtirol - U03;4;IPF;1192.8830500167526;62624.63332788396
Trentino-Alto Adige/Südtirol - U04;4;IPF;2923.0309486937185;82784.31568995054
Trentino-Alto Adige/Südtirol - U05;4;IPF;1600.5174389638755;59560.30391763107
Trentino-Alto Adige/Südtirol - U06;4;IPF;2005.82650579794;73749.12456477071
Veneto - U01;5;IPF;6403.591709229263;269192.91807890346
Veneto - U02;5;IPF;6454.62440155552;327387.84459639434
Veneto - U03;5;IPF;6881.224738099557;328393.7395562002
Veneto - U04;5;IPF;9905.69084350265;311132.96699904616
Veneto - U05;5;IPF;6668.358406534789;236950.03429198932
Friuli-Venezia Giulia - U01;6;IPF;7322.104803560088;326807.56738484267
Liguria - U01;7;IPF;8150.577862358323;259936.59263559483
Liguria - U02;7;IPF;6855.343082826776;275612.1439416567
Emilia-Romagna - U01;8;IPF;12511.72827238033;244479.65909446092
Emilia-Romagna - U02;8;IPF;9375.41310214591;263194.3912752812
Emilia-Romagna - U03;8;IPF;8570.868600068436;330440.2741207564
Emilia-Romagna - U04;8;IPF;6066.850885118481;304795.2093300298
Emilia-Romagna - U05;8;IPF;9128.518019970274;295604.8359629523
Toscana - U01;9;IPF;6144.575344734872;282914.53186954674
Toscana - U02;9;IPF;7056.467751579141;278392.5069688594
Toscana - U03;9;IPF;8843.294169970972;279700.2622462828
Toscana - U04;9;IPF;6808.3299220976905;281471.0621836037
Umbria - U01;10;IPF;5534.928951401645;226727.4031779862
Marche - U01;11;IPF;5406.350609657242;267528.8987972613
Marche - U02;11;IPF;7653.075159867046;258174.20258694486
Lazio - U01;12;IPF;6709.557655350393;277021.13985124667
Lazio - U02;12;IPF;8775.030167129857;282986.49477137043
Lazio - U03;12;IPF;5547.09542747487;269977.7406600742
Lazio - U04;12;IPF;7878.291352584192;288757.7357656404
Lazio - U05;12;IPF;4939.912021918258;272125.0597011837
Lazio - U06;12;IPF;8269.66451346102;263372.48510086513
Abruzzo - U01;13;IPF;8510.02280894622;326732.145572257
Molise - U01;14;IPF;3509.352565058243;149729.50874401664
Campania - U01;15;IPF;5419.576327862282;254933.0104178779
Campania - U02;15;IPF;5254.608982681662;237553.3770554786
Campania - U03;15;IPF;4561.94283095131;234172.32599064184
Campania - U04;15;IPF;6400.813577092557;191402.94636690538
Campania - U05;15;IPF;6013.673058145031;254555.11734600458
Campania - U06;15;IPF;5976.235226834344;239975.36642456855
Campania - U07;15;IPF;4326.234406827449;224649.6874921074
Puglia - U01;16;IPF;4196.669314409002;202609.92013222422
Puglia - U02;16;IPF;4749.321823915732;236933.36321744445
Puglia - U03;16;IPF;6192.517904103101;245211.5022823522
Puglia - U04;16;IPF;5329.309871726106;242387.2847999702
Puglia - U05;16;IPF;6238.373840847159;254680.18142676353
Basilicata - U01;17;IPF;5473.511345213616;276160.75654209376
Calabria - U01;18;IPF;4656.461090451365;202194.9514722834
Calabria - U02;18;IPF;5406.227465306366;205487.70736068604
Sicilia - U01;19;IPF;4941.678674493103;232879.8792053461
Sicilia - U02;19;IPF;3315.276267325621;239426.63625133815
Sicilia - U03;19;IPF;5671.111072959162;213499.39711449042
Sicilia - U04;19;IPF;10696.573482601529;247378.10633911387
Sicilia - U05;19;IPF;7379.63960504659;274274.2034511382
Sicilia - U06;19;IPF;4238.090659373269;219479.0523163057
Sardegna - U01;20;IPF;9280.850100590136;268277.2262144685
Sardegna - U02;20;IPF;6220.221922453967;239642.65180268884
Piemonte - U01;1;ALTRI;1612.7126518437497;296459.7423773326
Piemonte - U02;1;ALTRI;1005.8142865539035;284845.8499152792
Piemonte - U03;1;ALTRI;869.6942044744123;256365.64401798265
Piemonte - U04;1;ALTRI;1088.2471465625117;254117.11140997807
Piemonte - U05;1;ALTRI;692.5152646700665;283909.2657317352
Valle d'aosta/Vallée d'Aoste - U01;2;ALTRI;592.0725654100165;118664.06101784734
Lombardia - U01;3;ALTRI;1016.0439098191828;298698.32484725036
Lombardia - U02;3;ALTRI;1231.5734772562382;263200.2536961763
Lombardia - U03;3;ALTRI;1174.7533581992504;263096.06486140995
Lombardia - U04;3;ALTRI;966.846843415376;288139.29451451194
Lombardia - U05;3;ALTRI;951.129697198186;299756.8693838378
Lombardia - U06;3;ALTRI;1108.5528613930112;300319.13952709397
Lombardia - U07;3;ALTRI;1114.3318686138098;313024.6383276995
Lombardia - U08;3;ALTRI;509.3208930841604;283755.19567313476
Lombardia - U09;3;ALTRI;1233.3102209764959;268999.3418359662
Lombardia - U10;3;ALTRI;1062.198433897035;274247.0685125134
Lombardia - U11;3;ALTRI;1496.6026981364312;270574.2794517492
Trentino-Alto Adige/Südtirol - U01;4;ALTRI;576.4184676497899;116271.48115902561
Trentino-Alto Adige/Südtirol - U02;4;ALTRI;380.9397549866463;91958.38829854796
Trentino-Alto Adige/Südtirol - U03;4;ALTRI;287.3337091077231;62624.63332788396
Trentino-Alto Adige/Südtirol - U04;4;ALTRI;457.2687954644723;82784.31568995054
Trentino-Alto Adige/Südtirol - U05;4;ALTRI;259.2743459532301;59560.30391763107
Trentino-Alto Adige/Südtirol - U06;4;ALTRI;294.78386655181964;73749.12456477071
Veneto - U01;5;ALTRI;1585.8157018718518;269192.91807890346
Veneto - U02;5;ALTRI;1362.4577873712233;327387.84459639434
Veneto - U03;5;ALTRI;1296.1081136540906;328393.7395562002
Veneto - U04;5;ALTRI;1327.4847214303802;311132.96699904616
Veneto - U05;5;ALTRI;992.9315326502685;236950.03429198932
Friuli-Venezia Giulia - U01;6;ALTRI;1832.8771917991264;326807.56738484267
Liguria - U01;7;ALTRI;1196.518065129178;259936.59263559483
Liguria - U02;7;ALTRI;1201.6215877374664;275612.1439416567
Emilia-Romagna - U01;8;ALTRI;2204.041803860516;244479.65909446092
Emilia-Romagna - U02;8;ALTRI;1245.8984888859081;263194.3912752812
Emilia-Romagna - U03;8;ALTRI;1566.1944760371855;330440.2741207564
Emilia-Romagna - U04;8;ALTRI;1912.601283628054;304795.2093300298
Emilia-Romagna - U05;8;ALTRI;1420.4831412372662;295604.8359629523
Toscana - U01;9;ALTRI;1359.7409879825245;282914.53186954674
Toscana - U02;9;ALTRI;1065.1154488436337;278392.5069688594
Toscana - U03;9;ALTRI;1020.5621118384153;279700.2622462828
Toscana - U04;9;ALTRI;1096.7697679827972;281471.0621836037
Umbria - U01;10;ALTRI;993.4302552368978;226727.4031779862
Marche - U01;11;ALTRI;968.3021677256809;267528.8987972613
Marche - U02;11;ALTRI;1100.07478125654;258174.20258694486
Lazio - U01;12;ALTRI;1228.7946089649865;277021.13985124667
Lazio - U02;12;ALTRI;1152.1468878274104;282986.49477137043
Lazio - U03;12;ALTRI;1161.016839369138;269977.7406600742
Lazio - U04;12;ALTRI;1320.3160849334079;288757.7357656404
Lazio - U05;12;ALTRI;925.1773512628308;272125.0597011837
Lazio - U06;12;ALTRI;2006.117394220147;263372.48510086513
Abruzzo - U01;13;ALTRI;1409.8426172421034;326732.145572257
Molise - U01;14;ALTRI;695.3137316941795;149729.50874401664
Campania - U01;15;ALTRI;995.6725688181025;254933.0104178779
Campania - U02;15;ALTRI;829.4071809587282;237553.3770554786
Campania - U03;15;ALTRI;1279.1486055422336;234172.32599064184
Campania - U04;15;ALTRI;776.4916914399853;191402.94636690538
Campania - U05;15;ALTRI;1583.323676755986;254555.11734600458
Campania - U06;15;ALTRI;1253.1190184540665;239975.36642456855
Campania - U07;15;ALTRI;718.387917593731;224649.6874921074
Puglia - U01;16;ALTRI;1026.4148955768053;202609.92013222422
Puglia - U02;16;ALTRI;1082.5815118589696;236933.36321744445
Puglia - U03;16;ALTRI;1075.732726816178;245211.5022823522
Puglia - U04;16;ALTRI;1161.3118402078114;242387.2847999702
Puglia - U05;16;ALTRI;1180.337328418082;254680.18142676353
Basilicata - U01;17;ALTRI;947.717185847807;276160.75654209376
Calabria - U01;18;ALTRI;834.8192082196912;202194.9514722834
Calabria - U02;18;ALTRI;713.6689385602226;205487.70736068604
Sicilia - U01;19;ALTRI;872.1149944615266;232879.8792053461
Sicilia - U02;19;ALTRI;894.9886405004441;239426.63625133815
Sicilia - U03;19;ALTRI;949.7856626486906;213499.39711449042
Sicilia - U04;19;ALTRI;865.9641971936045;247378.10633911387
Sicilia - U05;19;ALTRI;961.7067629898482;274274.2034511382
Sicilia - U06;19;ALTRI;1222.4097305344585;219479.0523163057
Sardegna - U01;20;ALTRI;1634.896566785188;268277.2262144685
Sardegna - U02;20;ALTRI;987.3852721457904;239642.65180268884
