COLLEGIOUNINOMINALE;CODICE_REGIONE;LISTA;VOTI_LISTA;VOTANTI;VOTI_PERC
Piemonte - U01;1;AZIONE-IV;37999.50700007493;296463.66365813976;0.13216647655232155
Piemonte - U02;1;AZIONE-IV;20333.9772593179;284903.5752418574;0.07536197841077542
Piemonte - U03;1;AZIONE-IV;15088.760486969213;256385.53065121174;0.06284238351563932
Piemonte - U04;1;AZIONE-IV;14219.342205029354;254088.0948550552;0.05995279533499583
Piemonte - U05;1;AZIONE-IV;21153.110752938377;283925.23061427474;0.07849294127933475
Valle d'aosta/Vallée d'Aoste - U01;2;AZIONE-IV;100.0;61938.0;0.0003530999259395938
Lombardia - U01;3;AZIONE-IV;15545.389948966855;298723.4623938352;0.05602994317608976
Lombardia - U02;3;AZIONE-IV;12026.03695509745;250741.36705390736;0.05195246078252405
Lombardia - U03;3;AZIONE-IV;38850.9743740397;263094.2421939671;0.15165996335743356
Lombardia - U04;3;AZIONE-IV;17044.04218994898;288145.1839722791;0.06314142594289791
Lombardia - U05;3;AZIONE-IV;16638.22927024482;299906.14369349927;0.059468663312193734
Lombardia - U06;3;AZIONE-IV;18152.40669816753;300600.95131127536;0.06437759923049319
Lombardia - U07;3;AZIONE-IV;16738.09017226094;313084.5897071101;0.05745242061385175
Lombardia - U08;3;AZIONE-IV;10286.761337726703;279591.9773825258;0.040782590096652645
Lombardia - U09;3;AZIONE-IV;10993.346554123455;268964.2204530053;0.0448634382974924
Lombardia - U10;3;AZIONE-IV;13988.345619125968;274274.2146000862;0.054991857520669304
Lombardia - U11;3;AZIONE-IV;10033.93209796302;270597.8844897002;0.04107114318023669
Trentino-Alto Adige/Südtirol - U01;4;AZIONE-IV;7995.19352025364;116335.0;0.07271614976343353
Trentino-Alto Adige/Südtirol - U02;4;AZIONE-IV;5731.894870533078;91603.0;0.06656376467737524
Trentino-Alto Adige/Südtirol - U03;4;AZIONE-IV;2938.2515287921474;62210.0;0.051221719628865736
Trentino-Alto Adige/Südtirol - U04;4;AZIONE-IV;4124.779088370979;82745.99506795406;0.05383922805279811
Trentino-Alto Adige/Südtirol - U05;4;AZIONE-IV;1039.7923570688854;59498.99645358324;0.0214663390583075
Trentino-Alto Adige/Südtirol - U06;4;AZIONE-IV;790.7678107448831;73674.0;0.014723878700181723
Veneto - U01;5;AZIONE-IV;12188.165287695816;269099.3828214382;0.04928297372601355
Veneto - U02;5;AZIONE-IV;15416.221281291446;305628.9473797679;0.054431514847014466
Veneto - U03;5;AZIONE-IV;19409.054259123008;328526.3079433441;0.06306969017225883
Veneto - U04;5;AZIONE-IV;14122.445784491889;307569.2965750694;0.04990684800806898
Veneto - U05;5;AZIONE-IV;10858.496746517498;233000.03237456083;0.05059352635941738
Friuli-Venezia Giulia - U01;6;AZIONE-IV;19214.358684386738;326791.5909515619;0.06278752265028653
Liguria - U01;7;AZIONE-IV;14896.322080402664;259929.9117666781;0.06129953776262606
Liguria - U02;7;AZIONE-IV;20113.848289701036;275647.6439447701;0.07695996100690924
Emilia-Romagna - U01;8;AZIONE-IV;12791.546202793077;244450.76805799454;0.056318241471716365
Emilia-Romagna - U02;8;AZIONE-IV;15962.847008720137;263189.1880475879;0.06464214877914257
Emilia-Romagna - U03;8;AZIONE-IV;24088.869993825167;330507.8663889915;0.07687494993970106
Emilia-Romagna - U04;8;AZIONE-IV;16273.062003190516;304800.97532220185;0.05737968270180464
Emilia-Romagna - U05;8;AZIONE-IV;13399.040927827438;294932.2866081353;0.049421448298051625
Toscana - U01;9;AZIONE-IV;23459.34701410008;282921.3234894583;0.05302256913005205
Toscana - U02;9;AZIONE-IV;23252.28138102828;278415.62731820345;0.04836389325908711
Toscana - U03;9;AZIONE-IV;23540.257652676893;279701.10023709945;0.04608979342388519
Toscana - U04;9;AZIONE-IV;23818.096623786016;281462.0382459685;0.05880016742317697
Umbria - U01;10;AZIONE-IV;7515.147406204719;226668.74754288793;0.037145300220715396
Marche - U01;11;AZIONE-IV;8907.027518602428;267559.98650819063;0.0372803764416939
Marche - U02;11;AZIONE-IV;9814.361058566366;258205.0538301207;0.04200049201346393
Lazio - U01;12;AZIONE-IV;19607.401318300774;277045.6394928852;0.03875809525551469
Lazio - U02;12;AZIONE-IV;19946.646780090086;282989.0165227194;0.092991755286049
Lazio - U03;12;AZIONE-IV;19004.585730500447;269978.09016599134;0.08062716507030362
Lazio - U04;12;AZIONE-IV;20395.803840003486;288765.1309056971;0.059602314154797026
Lazio - U05;12;AZIONE-IV;19376.939554783516;272129.6387881413;0.03678653377765022
Lazio - U06;12;AZIONE-IV;18960.736866294745;263396.61430072784;0.02197599925889478
Abruzzo - U01;13;AZIONE-IV;9768.688700544715;326782.35374599695;0.03388410496026219
Molise - U01;14;AZIONE-IV;2283.5333013083073;149550.0;0.019259905938695317
Campania - U01;15;AZIONE-IV;4166.530278742941;254987.3588103056;0.020330686967553503
Campania - U02;15;AZIONE-IV;4118.9374935199885;237570.71353250742;0.021328275058787243
Campania - U03;15;AZIONE-IV;4640.618651263204;234154.760910701;0.023809138691252327
Campania - U04;15;AZIONE-IV;6792.5261626951315;191402.93359225988;0.039478641017753634
Campania - U05;15;AZIONE-IV;3241.5712814304384;254727.94505777955;0.016716163484815253
Campania - U06;15;AZIONE-IV;5245.441299382971;239903.60182176347;0.025855330110824432
Campania - U07;15;AZIONE-IV;3253.5359723540896;224599.40623291582;0.0184764934129988
Puglia - U01;16;AZIONE-IV;2880.073623906835;202591.9978326559;0.018206669770588622
Puglia - U02;16;AZIONE-IV;4277.303211350204;236896.74676036835;0.022046101604741505
Puglia - U03;16;AZIONE-IV;6097.7105284383215;245213.39931461215;0.028857497352537377
Puglia - U04;16;AZIONE-IV;4983.722968154977;242377.92115074396;0.024552328598465567
Puglia - U05;16;AZIONE-IV;4858.620819102877;254685.83316797018;0.023067460757616495
Basilicata - U01;17;AZIONE-IV;7151.604734138791;276215.0;0.02988198480360693
Calabria - U01;18;AZIONE-IV;2508.7181194958193;202176.98605054617;0.0163990671782292
Calabria - U02;18;AZIONE-IV;2766.1695413410043;205483.29352986813;0.017452315937275968
Sicilia - U01;19;AZIONE-IV;5848.550703687848;232841.1329860687;0.029108744899035137
Sicilia - U02;19;AZIONE-IV;3646.2252363064335;239444.15840884298;0.01921841551245992
Sicilia - U03;19;AZIONE-IV;2990.6825779256233;213472.043840006;0.01800025789636881
Sicilia - U04;19;AZIONE-IV;3860.1420089965623;247416.922534734;0.01959231286808784
Sicilia - U05;19;AZIONE-IV;4520.893677149329;274350.733809188;0.020469061132407963
Sicilia - U06;19;AZIONE-IV;4275.722169290359;219474.65565258265;0.023472164001895477
Sardegna - U01;20;AZIONE-IV;8646.06556504801;268314.06698548794;0.03621421852223972
Sardegna - U02;20;AZIONE-IV;5538.333404828513;239644.55647927523;0.02710115885496616
Piemonte - U01;1;FDI;62864.84106999744;296463.66365813976;0.21146072533373256
Piemonte - U02;1;FDI;59627.78457891656;284903.5752418574;0.20870277253020872
Piemonte - U03;1;FDI;68289.53984404748;256385.53065121174;0.26576655589834175
Piemonte - U04;1;FDI;58175.5641647826;254088.0948550552;0.22836991035439966
Piemonte - U05;1;FDI;66984.86504470384;283925.23061427474;0.23533597902374648
Valle d'aosta/Vallée d'Aoste - U01;2;FDI;19838.875646027893;61938.0;0.4927725652706775
Lombardia - U01;3;FDI;80704.29838764694;298723.4623938352;0.26957557504072077
Lombardia - U02;3;FDI;64559.70990535909;250741.36705390736;0.2568869705706821
Lombardia - U03;3;FDI;63877.36208435686;263094.2421939671;0.2422043683195129
Lombardia - U04;3;FDI;66346.66837523645;288145.1839722791;0.22966596835466535
Lombardia - U05;3;FDI;75684.01278865519;299906.14369349927;0.2517706600211288
Lombardia - U06;3;FDI;70770.19881525228;300600.95131127536;0.23484072382892837
Lombardia - U07;3;FDI;86722.58734886885;313084.5897071101;0.27640577599984345
Lombardia - U08;3;FDI;74422.61838609699;279591.9773825258;0.2655946195376758
Lombardia - U09;3;FDI;69955.40810110379;268964.2204530053;0.25950353965003947
Lombardia - U10;3;FDI;69591.70831877641;274274.2146000862;0.25314207357925145
Lombardia - U11;3;FDI;66010.83995578848;270597.8844897002;0.24335607089162578
Trentino-Alto Adige/Südtirol - U01;4;FDI;26393.93287280154;116335.0;0.22629035983615953
Trentino-Alto Adige/Südtirol - U02;4;FDI;19813.73492562686;91603.0;0.21571173156170464
Trentino-Alto Adige/Südtirol - U03;4;FDI;12311.916631549107;62210.0;0.1973206294782431
Trentino-Alto Adige/Südtirol - U04;4;FDI;14666.625723163828;82745.99506795406;0.17666043427056924
Trentino-Alto Adige/Südtirol - U05;4;FDI;4628.057776888165;59498.99645358324;0.07719546135396509
Trentino-Alto Adige/Südtirol - U06;4;FDI;4595.133559471563;73674.0;0.06178283552254166
Veneto - U01;5;FDI;65571.48014245825;269099.3828214382;0.2430817903840443
Veneto - U02;5;FDI;74999.75181966515;305628.9473797679;0.24480645728531752
Veneto - U03;5;FDI;85028.80296307581;328526.3079433441;0.25823052109786915
Veneto - U04;5;FDI;84887.90141296289;307569.2965750694;0.275407684754639
Veneto - U05;5;FDI;68051.47903353766;233000.03237456083;0.29147805882060357
Friuli-Venezia Giulia - U01;6;FDI;109753.06337009765;326791.5909515619;0.3352619948877296
Liguria - U01;7;FDI;59744.80172901213;259929.9117666781;0.22926132534183072
Liguria - U02;7;FDI;68500.4792621168;275647.6439447701;0.2479190655978897
Emilia-Romagna - U01;8;FDI;71990.37220407995;244450.76805799454;0.29391011541247025
Emilia-Romagna - U02;8;FDI;51848.22495369782;263189.1880475879;0.1964114944539072
Emilia-Romagna - U03;8;FDI;65905.94312876814;330507.8663889915;0.19881975808794575
Emilia-Romagna - U04;8;FDI;58538.941507236326;304800.97532220185;0.19146794593440733
Emilia-Romagna - U05;8;FDI;56136.567701503525;294932.2866081353;0.18974880501851335
Toscana - U01;9;FDI;73043.96704686467;282921.3234894583;0.2575893320884416
Toscana - U02;9;FDI;63772.76237212257;278415.62731820345;0.22846763863229586
Toscana - U03;9;FDI;66953.23715609974;279701.10023709945;0.2387859017049837
Toscana - U04;9;FDI;58025.05357362182;281462.0382459685;0.20556754362328677
Umbria - U01;10;FDI;66429.17112951973;226668.74754288793;0.29247884795685836
Marche - U01;11;FDI;77746.90115069831;267559.98650819063;0.2899891253091676
Marche - U02;11;FDI;68650.91202808228;258205.0538301207;0.2652891573713985
Lazio - U01;12;FDI;77145.30135231938;277045.6394928852;0.2778686791950359
Lazio - U02;12;FDI;95978.68884664543;282989.0165227194;0.33857213930841124
Lazio - U03;12;FDI;92400.48257197751;269978.09016599134;0.34166344819568184
Lazio - U04;12;FDI;88517.18745381942;288765.1309056971;0.30594863295723596
Lazio - U05;12;FDI;72074.06743846812;272129.6387881413;0.2642636229572852
Lazio - U06;12;FDI;54476.54919737848;263396.61430072784;0.20623493624042855
Abruzzo - U01;13;FDI;93185.27137043071;326782.35374599695;0.2845717128353107
Molise - U01;14;FDI;26141.604234006663;149550.0;0.1742134326425327
Campania - U01;15;FDI;54647.33562558745;254987.3588103056;0.21372556699079573
Campania - U02;15;FDI;48281.16558545297;237570.71353250742;0.20264027450874145
Campania - U03;15;FDI;62406.23244125958;234154.760910701;0.26592870006531044
Campania - U04;15;FDI;35162.78330429548;191402.93359225988;0.18312245142326827
Campania - U05;15;FDI;36387.30256854282;254727.94505777955;0.14225937163643734
Campania - U06;15;FDI;58742.49134748435;239903.60182176347;0.24427039612780224
Campania - U07;15;FDI;38494.966556591164;224599.40623291582;0.17080555858975655
Puglia - U01;16;FDI;39885.10701245379;202591.9978326559;0.19628571529594244
Puglia - U02;16;FDI;56271.40006082388;236896.74676036835;0.2369472201124389
Puglia - U03;16;FDI;59074.164385608376;245213.39931461215;0.24032086793286803
Puglia - U04;16;FDI;58795.50362706044;242377.92115074396;0.2419894688586697
Puglia - U05;16;FDI;64359.09726541492;254685.83316797018;0.25211161561762757
Basilicata - U01;17;FDI;63442.650661858934;276215.0;0.22909742021906196
Calabria - U01;18;FDI;41448.299995399495;202176.98605054617;0.20442164641856017
Calabria - U02;18;FDI;58897.823154042046;205483.29352986813;0.286042379852493
Sicilia - U01;19;FDI;46801.984608494175;232841.1329860687;0.2004156035667926
Sicilia - U02;19;FDI;49190.97479933482;239444.15840884298;0.2048498569919958
Sicilia - U03;19;FDI;46526.07856621687;213472.043840006;0.21736094723951704
Sicilia - U04;19;FDI;64006.150292699946;247416.922534734;0.258109210141324
Sicilia - U05;19;FDI;61174.27131298826;274350.733809188;0.2223900061844336
Sicilia - U06;19;FDI;54051.75506553366;219474.65565258265;0.24568955561304423
Sardegna - U01;20;FDI;71914.92595946298;268314.06698548794;0.26743684525694517
Sardegna - U02;20;FDI;62667.79132817728;239644.55647927523;0.26091475289082167
Piemonte - U01;1;FI;29104.32253884861;296463.66365813976;0.09817163486318374
Piemonte - U02;1;FI;30083.41594441262;284903.5752418574;0.1055915704773958
Piemonte - U03;1;FI;31565.32758344399;256385.53065121174;0.12311664977063635
Piemonte - U04;1;FI;30619.174666325238;254088.0948550552;0.1205061365971986
Piemonte - U05;1;FI;32614.344792080083;283925.23061427474;0.11486948420018418
Valle d'aosta/Vallée d'Aoste - U01;2;FI;7.811624183388744;61938.0;0.0001261200585002542
Lombardia - U01;3;FI;35459.17038437936;298723.4623938352;0.11870232789960838
Lombardia - U02;3;FI;30334.116459200373;250741.36705390736;0.12097771028216012
Lombardia - U03;3;FI;30931.664761421984;263094.2421939671;0.1175687635863103
Lombardia - U04;3;FI;30689.257931598957;288145.1839722791;0.10650623240869925
Lombardia - U05;3;FI;31888.824070439652;299906.14369349927;0.10632934583370747
Lombardia - U06;3;FI;33473.54162513465;300600.95131127536;0.11135540815528708
Lombardia - U07;3;FI;31795.859893128927;313084.5897071101;0.1015567707208901
Lombardia - U08;3;FI;29160.98603336415;279591.9773825258;0.10429836473264516
Lombardia - U09;3;FI;28430.84539710913;268964.2204530053;0.1057049348393784
Lombardia - U10;3;FI;33917.38902002173;274274.2146000862;0.12366233212799825
Lombardia - U11;3;FI;27065.627860331184;270597.8844897002;0.10002157966375892
Trentino-Alto Adige/Südtirol - U01;4;FI;7967.075504638187;116335.0;0.0684839085798615
Trentino-Alto Adige/Südtirol - U02;4;FI;6300.074903903016;91603.0;0.06877585782019166
Trentino-Alto Adige/Südtirol - U03;4;FI;4796.337248600681;62210.0;0.07709913596850476
Trentino-Alto Adige/Südtirol - U04;4;FI;4772.902091563357;82745.99506795406;0.05768136678571179
Trentino-Alto Adige/Südtirol - U05;4;FI;1991.9640480338117;59498.99645358324;0.033478952028842976
Trentino-Alto Adige/Südtirol - U06;4;FI;1999.7757909475185;73674.0;0.027143575629767876
Veneto - U01;5;FI;24064.21877957679;269099.3828214382;0.089425024046022
Veneto - U02;5;FI;25164.97185527316;305628.9473797679;0.08233831275151994
Veneto - U03;5;FI;28786.834225720948;328526.3079433441;0.08762413703162357
Veneto - U04;5;FI;24860.69415100341;307569.2965750694;0.08082957053203645
Veneto - U05;5;FI;21865.526223987155;233000.03237456083;0.09384344714955693
Friuli-Venezia Giulia - U01;6;FI;31245.656025112483;326791.5909515619;0.09561340282389277
Liguria - U01;7;FI;29396.33386594162;259929.9117666781;0.11309330913915273
Liguria - U02;7;FI;29812.143876123697;275647.6439447701;0.10815308794040329
Emilia-Romagna - U01;8;FI;23866.605173240077;244450.76805799454;0.09763358635706092
Emilia-Romagna - U02;8;FI;19934.871692094872;263189.1880475879;0.07574350542276227
Emilia-Romagna - U03;8;FI;25426.533848801777;330507.8663889915;0.07693170551915396
Emilia-Romagna - U04;8;FI;23708.890506354885;304800.97532220185;0.07778482493795327
Emilia-Romagna - U05;8;FI;25570.753873769656;294932.2866081353;0.08670042255409116
Toscana - U01;9;FI;22911.76577942097;282921.3234894583;0.08098281704904674
Toscana - U02;9;FI;21230.867129581522;278415.62731820345;0.07625601814842309
Toscana - U03;9;FI;28316.592154031994;279701.10023709945;0.10123875855342843
Toscana - U04;9;FI;17759.16968998575;281462.0382459685;0.06309614540084472
Umbria - U01;10;FI;20856.87731516107;226668.74754288793;0.09201479048722738
Marche - U01;11;FI;21479.104035349766;267559.98650819063;0.08027771385274846
Marche - U02;11;FI;19240.167088859987;258205.0538301207;0.07451506778608041
Lazio - U01;12;FI;30916.069336490662;277045.6394928852;0.11159197233019297
Lazio - U02;12;FI;25627.108780745544;282989.0165227194;0.09055866936336769
Lazio - U03;12;FI;23924.48167652529;269978.09016599134;0.08861638239538526
Lazio - U04;12;FI;26611.151057305822;288765.1309056971;0.0921550014499372
Lazio - U05;12;FI;30665.045101169657;272129.6387881413;0.11268542903936694
Lazio - U06;12;FI;40235.732874995934;263396.61430072784;0.15275721361041333
Abruzzo - U01;13;FI;41207.05252954626;326782.35374599695;0.1260993810013863
Molise - U01;14;FI;18781.488024121532;149550.0;0.12558668020141445
Campania - U01;15;FI;42117.2408767824;254987.3588103056;0.16517383870827476
Campania - U02;15;FI;35236.97729472676;237570.71353250742;0.14832205860216519
Campania - U03;15;FI;43060.23443799157;234154.760910701;0.18389647201926138
Campania - U04;15;FI;25941.325156476123;191402.93359225988;0.13553253688231434
Campania - U05;15;FI;41607.000824401795;254727.94505777955;0.16333897254564725
Campania - U06;15;FI;39343.70126485248;239903.60182176347;0.16399795987257795
Campania - U07;15;FI;36285.06337433453;224599.40623291582;0.16155458281446172
Puglia - U01;16;FI;32311.138113581233;202591.9978326559;0.1594887185044235
Puglia - U02;16;FI;37653.254399207784;236896.74676036835;0.15894373778503482
Puglia - U03;16;FI;37747.78746182207;245213.39931461215;0.15393851872422004
Puglia - U04;16;FI;39410.42639435474;242377.92115074396;0.16259907753662065
Puglia - U05;16;FI;34696.26027297201;254685.83316797018;0.13623160676585086
Basilicata - U01;17;FI;27812.506742537265;276215.0;0.10069151473503346
Calabria - U01;18;FI;28295.98148632987;202176.98605054617;0.13995649079097264
Calabria - U02;18;FI;39229.56317757671;205483.29352986813;0.190913638299624
Sicilia - U01;19;FI;40778.471725547475;232841.1329860687;0.1751343124068518
Sicilia - U02;19;FI;42296.6659399619;239444.15840884298;0.17664521958285465
Sicilia - U03;19;FI;32367.989131858132;213472.043840006;0.1516263607618684
Sicilia - U04;19;FI;42600.543826478985;247416.922534734;0.1721812048668516
Sicilia - U05;19;FI;41671.684667052825;274350.733809188;0.151892010961544
Sicilia - U06;19;FI;36018.350392097076;219474.65565258265;0.16411166148091522
Sardegna - U01;20;FI;29236.20903469474;268314.06698548794;0.1089626398017962
Sardegna - U02;20;FI;26700.58487728366;239644.55647927523;0.1114174478634267
Piemonte - U01;1;LEGA;35955.69509871879;296463.66365813976;0.12128196304077342
Piemonte - U02;1;LEGA;44273.20521529579;284903.5752418574;0.15539715560856632
Piemonte - U03;1;LEGA;47339.87348669542;256385.53065121174;0.1846433118376592
Piemonte - U04;1;LEGA;46813.89843003635;254088.0948550552;0.1842427857816061
Piemonte - U05;1;LEGA;55915.052212121904;283925.23061427474;0.19693583444891177
Valle d'aosta/Vallée d'Aoste - U01;2;LEGA;7872.714466829018;61938.0;0.1271063719659824
Lombardia - U01;3;LEGA;61716.8828427811;298723.4623938352;0.20660206047496177
Lombardia - U02;3;LEGA;63277.78762704558;250741.36705390736;0.25236277671502594
Lombardia - U03;3;LEGA;35538.58814962792;263094.2421939671;0.13507930790605055
Lombardia - U04;3;LEGA;50635.356321291685;288145.1839722791;0.17572862271459322
Lombardia - U05;3;LEGA;54493.574261360955;299906.14369349927;0.18170209382923738
Lombardia - U06;3;LEGA;54953.228248706175;300600.95131127536;0.18281122534373334
Lombardia - U07;3;LEGA;76990.11960872212;313084.5897071101;0.245908365150601
Lombardia - U08;3;LEGA;73850.01526475021;279591.9773825258;0.2641349582206065
Lombardia - U09;3;LEGA;65660.47925759836;268964.2204530053;0.24412347169080384
Lombardia - U10;3;LEGA;56955.904826363636;274274.2146000862;0.20766044270479422
Lombardia - U11;3;LEGA;54695.172211911726;270597.8844897002;0.2021271242199737
Trentino-Alto Adige/Südtirol - U01;4;LEGA;21395.26773269006;116335.0;0.18391084138642763
Trentino-Alto Adige/Südtirol - U02;4;LEGA;16587.50317279454;91603.0;0.18108034859987707
Trentino-Alto Adige/Südtirol - U03;4;LEGA;14212.95398019135;62210.0;0.2284673521972569
Trentino-Alto Adige/Südtirol - U04;4;LEGA;8822.819794451141;82745.99506795406;0.10662533923491423
Trentino-Alto Adige/Südtirol - U05;4;LEGA;3460.5886592410084;59498.99645358324;0.058162134918371376
Trentino-Alto Adige/Südtirol - U06;4;LEGA;3627.2866545640813;73674.0;0.049234284205609595
Veneto - U01;5;LEGA;54682.96960001194;269099.3828214382;0.2032073393356573
Veneto - U02;5;LEGA;78752.20254862336;305628.9473797679;0.25767259032164774
Veneto - U03;5;LEGA;73499.27844391786;328526.3079433441;0.22372417875463768
Veneto - U04;5;LEGA;78585.94988339534;307569.2965750694;0.25550648507015267
Veneto - U05;5;LEGA;52772.470169392844;233000.03237456083;0.22649125681046298
Friuli-Venezia Giulia - U01;6;LEGA;63515.76650536686;326791.5909515619;0.19436169186734478
Liguria - U01;7;LEGA;43043.24055162125;259929.9117666781;0.16559556481617368
Liguria - U02;7;LEGA;40993.53867097514;275647.6439447701;0.14871717415871974
Emilia-Romagna - U01;8;LEGA;46702.3510363161;244450.76805799454;0.1910501300827831
Emilia-Romagna - U02;8;LEGA;35405.17780094;263189.1880475879;0.13452367881669328
Emilia-Romagna - U03;8;LEGA;42476.14265803475;330507.8663889915;0.12851779632997423
Emilia-Romagna - U04;8;LEGA;43207.35905755098;304800.97532220185;0.141755973752633
Emilia-Romagna - U05;8;LEGA;41015.92511953118;294932.2866081353;0.13906895576348816
Toscana - U01;9;LEGA;37752.10188240388;282921.3234894583;0.13343674989492452
Toscana - U02;9;LEGA;39016.86238026979;278415.62731820345;0.14013890942866186
Toscana - U03;9;LEGA;41150.035521384976;279701.10023709945;0.14712146461527165
Toscana - U04;9;LEGA;29301.002563752452;281462.0382459685;0.10410285787153445
Umbria - U01;10;LEGA;33169.88611963607;226668.74754288793;0.1463363894634835
Marche - U01;11;LEGA;34477.92551586437;267559.98650819063;0.1288605443804241
Marche - U02;11;LEGA;32911.07517431003;258205.0538301207;0.12746100312956313
Lazio - U01;12;LEGA;34498.53754676406;277045.6394928852;0.12452294001057547
Lazio - U02;12;LEGA;23507.586507296815;282989.0165227194;0.08306890068084864
Lazio - U03;12;LEGA;23225.225004142878;269978.09016599134;0.08602633269189826
Lazio - U04;12;LEGA;25221.4531194824;288765.1309056971;0.0873424469234793
Lazio - U05;12;LEGA;30981.90207918698;272129.6387881413;0.11384978945019307
Lazio - U06;12;LEGA;29809.877812773826;263396.61430072784;0.11317487087643044
Abruzzo - U01;13;LEGA;33878.069547758685;326782.35374599695;0.10367166145725115
Molise - U01;14;LEGA;9105.41957645702;149550.0;0.0608854535369911
Campania - U01;15;LEGA;11527.98075073157;254987.3588103056;0.045210008858939776
Campania - U02;15;LEGA;10916.785105103034;237570.71353250742;0.045951729246329266
Campania - U03;15;LEGA;13116.640261528599;234154.760910701;0.056016970188920726
Campania - U04;15;LEGA;3854.169904373831;191402.93359225988;0.020136420231595075
Campania - U05;15;LEGA;7256.456732920085;254727.94505777955;0.028487085432554776
Campania - U06;15;LEGA;6633.5512098109975;239903.60182176347;0.027650902943672343
Campania - U07;15;LEGA;5374.796363686541;224599.40623291582;0.02393059026216983
Puglia - U01;16;LEGA;10870.095943321701;202591.9978326559;0.05365511007152695
Puglia - U02;16;LEGA;10490.741659485759;236896.74676036835;0.044284025859154634
Puglia - U03;16;LEGA;10648.821545495437;245213.39931461215;0.04342675227071443
Puglia - U04;16;LEGA;11643.271192801476;242377.92115074396;0.04803767248073758
Puglia - U05;16;LEGA;13802.561942725768;254685.83316797018;0.05419446292335669
Basilicata - U01;17;LEGA;14478.382648602224;276215.0;0.05241707600456972
Calabria - U01;18;LEGA;7453.698538812426;202176.98605054617;0.036867195838743635
Calabria - U02;18;LEGA;9570.364372353097;205483.29352986813;0.04657490255265931
Sicilia - U01;19;LEGA;8927.406106144554;232841.1329860687;0.03834118994206533
Sicilia - U02;19;LEGA;9391.545728664878;239444.15840884298;0.03922227959568395
Sicilia - U03;19;LEGA;8781.560791027845;213472.043840006;0.04113681882209124
Sicilia - U04;19;LEGA;9274.838832848845;247416.922534734;0.03748667931776891
Sicilia - U05;19;LEGA;10522.000344017686;274350.733809188;0.038352368145425766
Sicilia - U06;19;LEGA;9797.029413330489;219474.65565258265;0.04463854554959956
Sardegna - U01;20;LEGA;22418.418045033264;268314.06698548794;0.08355289864934956
Sardegna - U02;20;LEGA;20063.344673059895;239644.55647927523;0.08372126188810385
Piemonte - U01;1;M5S;23031.78032816466;296463.66365813976;0.07768837517545903
Piemonte - U02;1;M5S;26556.49875140145;284903.5752418574;0.09321223410010697
Piemonte - U03;1;M5S;19546.380897476985;256385.53065121174;0.07623823718846282
Piemonte - U04;1;M5S;20731.85376713963;254088.0948550552;0.08159317255287436
Piemonte - U05;1;M5S;21263.504572343696;283925.23061427474;0.07489121176846424
Valle d'aosta/Vallée d'Aoste - U01;2;M5S;4590.552713729805;61938.0;0.0741152880901838
Lombardia - U01;3;M5S;21436.692873236752;298723.4623938352;0.07176099493977726
Lombardia - U02;3;M5S;14626.07832306193;250741.36705390736;0.05833133357655118
Lombardia - U03;3;M5S;15781.829859780633;263094.2421939671;0.0599854627306721
Lombardia - U04;3;M5S;23424.832180716458;288145.1839722791;0.08129524102325457
Lombardia - U05;3;M5S;24143.105758682545;299906.14369349927;0.08050220466092395
Lombardia - U06;3;M5S;22370.154316916593;300600.95131127536;0.07441810885605638
Lombardia - U07;3;M5S;16434.217993839633;313084.5897071101;0.05249130277927063
Lombardia - U08;3;M5S;15621.14479547084;279591.9773825258;0.055871219702769426
Lombardia - U09;3;M5S;16347.591251931824;268964.2204530053;0.06077979897994705
Lombardia - U10;3;M5S;18956.453049846346;274274.2146000862;0.0691149661206263
Lombardia - U11;3;M5S;19632.609179736155;270597.8844897002;0.07255270756000103
Trentino-Alto Adige/Südtirol - U01;4;M5S;8054.988453928991;116335.0;0.06923959645789307
Trentino-Alto Adige/Südtirol - U02;4;M5S;7600.333073335946;91603.0;0.08297035111662224
Trentino-Alto Adige/Südtirol - U03;4;M5S;4398.934281937074;62210.0;0.07071104777265833
Trentino-Alto Adige/Südtirol - U04;4;M5S;5294.534922940137;82745.99506795406;0.06398539190437036
Trentino-Alto Adige/Südtirol - U05;4;M5S;2097.599979406431;59498.99645358324;0.03525437577830115
Trentino-Alto Adige/Südtirol - U06;4;M5S;2157.221812827885;73674.0;0.029280639205525493
Veneto - U01;5;M5S;23259.449488785747;269099.3828214382;0.08643442153198706
Veneto - U02;5;M5S;22361.299979258474;305628.9473797679;0.07316486272313992
Veneto - U03;5;M5S;25113.444046394372;328526.3079433441;0.07644271840392551
Veneto - U04;5;M5S;22804.645942085357;307569.2965750694;0.07414474135105795
Veneto - U05;5;M5S;16976.486823546544;233000.03237456083;0.07286044834644433
Friuli-Venezia Giulia - U01;6;M5S;24390.05497631997;326791.5909515619;0.07463489163016787
Liguria - U01;7;M5S;23769.481110059645;259929.9117666781;0.09144573223029422
Liguria - U02;7;M5S;23672.963478540933;275647.6439447701;0.08588124730456302
Emilia-Romagna - U01;8;M5S;18639.12893644465;244450.76805799454;0.07624900950207947
Emilia-Romagna - U02;8;M5S;22783.579890889003;263189.1880475879;0.08656730947005865
Emilia-Romagna - U03;8;M5S;26416.399337023384;330507.8663889915;0.07992668866142079
Emilia-Romagna - U04;8;M5S;25469.938773741924;304800.97532220185;0.08356252386272034
Emilia-Romagna - U05;8;M5S;27972.985204497698;294932.2866081353;0.09484544919174712
Toscana - U01;9;M5S;22140.2253921566;282921.3234894583;0.07825576778408344
Toscana - U02;9;M5S;22758.582423560358;278415.62731820345;0.08174319323516058
Toscana - U03;9;M5S;23218.240611426292;279701.10023709945;0.08301090196550694
Toscana - U04;9;M5S;20526.44994793173;281462.0382459685;0.07292795176162886
Umbria - U01;10;M5S;19292.061283947278;226668.74754288793;0.0851112537263084
Marche - U01;11;M5S;29442.09303939032;267559.98650819063;0.11003922306779243
Marche - U02;11;M5S;28424.54687738217;258205.0538301207;0.11008516857335937
Lazio - U01;12;M5S;28972.96784239951;277045.6394928852;0.10457832108613124
Lazio - U02;12;M5S;28740.257932183922;282989.0165227194;0.10155962335688935
Lazio - U03;12;M5S;28160.0063800198;269978.09016599134;0.10430478400193924
Lazio - U04;12;M5S;34936.67792392814;288765.1309056971;0.12098648411721674
Lazio - U05;12;M5S;29973.368236703525;272129.6387881413;0.11014371080703352
Lazio - U06;12;M5S;29717.23090565905;263396.61430072784;0.11282313170407723
Abruzzo - U01;13;M5S;40230.71335760721;326782.35374599695;0.12311164570678729
Molise - U01;14;M5S;21455.844205476253;149550.0;0.14346936947827651
Campania - U01;15;M5S;38151.55951181597;254987.3588103056;0.14962137609417064
Campania - U02;15;M5S;33329.169701514395;237570.71353250742;0.14029157553106342
Campania - U03;15;M5S;28407.954752870875;234154.760910701;0.1213212776130772
Campania - U04;15;M5S;31135.885901710546;191402.93359225988;0.1626719367219231
Campania - U05;15;M5S;44251.06170216872;254727.94505777955;0.17371891290581143
Campania - U06;15;M5S;35702.65065099517;239903.60182176347;0.14882081961203933
Campania - U07;15;M5S;37393.156439682585;224599.40623291582;0.16648822482150663
Puglia - U01;16;M5S;28409.73560747472;202591.9978326559;0.14023128214048017
Puglia - U02;16;M5S;34142.31755754196;236896.74676036835;0.14412320145568921
Puglia - U03;16;M5S;35394.59630430705;245213.39931461215;0.14434201558005116
Puglia - U04;16;M5S;33995.315191106456;242377.92115074396;0.1402574748958404
Puglia - U05;16;M5S;32569.256990305563;254685.83316797018;0.12788012817668393
Basilicata - U01;17;M5S;37691.76001609319;276215.0;0.13645804904184491
Calabria - U01;18;M5S;32184.556477129954;202176.98605054617;0.1591900102273931
Calabria - U02;18;M5S;25365.340557088115;205483.29352986813;0.12344234960104493
Sicilia - U01;19;M5S;34459.52619990406;232841.1329860687;0.14799587065214045
Sicilia - U02;19;M5S;36245.050195082986;239444.15840884298;0.151371620155359
Sicilia - U03;19;M5S;34123.337830691264;213472.043840006;0.15984921124503862
Sicilia - U04;19;M5S;38225.84381164662;247416.922534734;0.15449971416680372
Sicilia - U05;19;M5S;45333.619951346045;274350.733809188;0.1652396526224557
Sicilia - U06;19;M5S;31595.36626884885;219474.65565258265;0.14395906522738885
Sardegna - U01;20;M5S;36017.9390315059;268314.06698548794;0.13423798251119637
Sardegna - U02;20;M5S;32138.747441853102;239644.55647927523;0.1341100666504499
Piemonte - U01;1;PD;97926.0321507776;296463.66365813976;0.33031377586866345
Piemonte - U02;1;PD;72489.31742066627;284903.5752418574;0.2544345656565713
Piemonte - U03;1;PD;63156.421829275525;256385.53065121174;0.24633379921581403
Piemonte - U04;1;PD;59805.66762861623;254088.0948550552;0.2353737496545536
Piemonte - U05;1;PD;66270.36917163843;283925.23061427474;0.23340782017949552
Valle d'aosta/Vallée d'Aoste - U01;2;PD;20099.372103789996;61938.0;0.3245079289578287
Lombardia - U01;3;PD;71513.51731202961;298723.4623938352;0.23939705552068966
Lombardia - U02;3;PD;55154.88091138111;250741.36705390736;0.2199672178525024
Lombardia - U03;3;PD;87944.67319296786;263094.2421939671;0.3342706113960881
Lombardia - U04;3;PD;78951.918485026;288145.1839722791;0.2740004791911481
Lombardia - U05;3;PD;80147.31249347236;299906.14369349927;0.267241315921097
Lombardia - U06;3;PD;83756.43380019553;300600.95131127536;0.27862996918284827
Lombardia - U07;3;PD;85623.69427608051;313084.5897071101;0.2734842182944273
Lombardia - U08;3;PD;65949.92316038767;279591.9773825258;0.23587916855767932
Lombardia - U09;3;PD;66312.05160198644;268964.2204530053;0.246545995933213
Lombardia - U10;3;PD;65396.837187003955;274274.2146000862;0.2384359655622669
Lombardia - U11;3;PD;74989.28301105993;270597.8844897002;0.2771244245034527
Trentino-Alto Adige/Südtirol - U01;4;PD;30831.716363496413;116335.0;0.26502528356467453
Trentino-Alto Adige/Südtirol - U02;4;PD;22535.277959707404;91603.0;0.24601026123279154
Trentino-Alto Adige/Südtirol - U03;4;PD;11363.362270985914;62210.0;0.1826613449764654
Trentino-Alto Adige/Südtirol - U04;4;PD;13679.613197619507;82745.99506795406;0.16532054737374666
Trentino-Alto Adige/Südtirol - U05;4;PD;4569.527362210073;59498.99645358324;0.07680007453192733
Trentino-Alto Adige/Südtirol - U06;4;PD;5148.905449322825;73674.0;0.0698876869631461
Veneto - U01;5;PD;62410.045084664474;269099.3828214382;0.23192191832738937
Veneto - U02;5;PD;62615.2993075385;305628.9473797679;0.20487358885457302
Veneto - U03;5;PD;73481.30234794813;328526.3079433441;0.2236694613833493
Veneto - U04;5;PD;61873.35396313133;307569.2965750694;0.20116882488636087
Veneto - U05;5;PD;44658.60378499408;233000.03237456083;0.1916678007718163
Friuli-Venezia Giulia - U01;6;PD;78339.48510172986;326791.5909515619;0.23972307510612043
Liguria - U01;7;PD;60179.987690628295;259929.9117666781;0.23152390304601764
Liguria - U02;7;PD;72511.0519040378;275647.6439447701;0.2630570349390195
Emilia-Romagna - U01;8;PD;60840.999122135785;244450.76805799454;0.2488885578289597
Emilia-Romagna - U02;8;PD;92361.31891573165;263189.1880475879;0.35093128103359467
Emilia-Romagna - U03;8;PD;116376.35881574909;330507.8663889915;0.3521137335919861
Emilia-Romagna - U04;8;PD;107024.64669981886;304800.97532220185;0.3511296070712512
Emilia-Romagna - U05;8;PD;92028.7069285401;294932.2866081353;0.31203334157448465
Toscana - U01;9;PD;106181.14405106819;282921.3234894583;0.3753027263603357
Toscana - U02;9;PD;98855.6865051888;278415.62731820345;0.3550651501045444
Toscana - U03;9;PD;87478.45276037438;279701.10023709945;0.3127569133128897
Toscana - U04;9;PD;131053.94297379386;281462.0382459685;0.4656185387930232
Umbria - U01;10;PD;73200.02578579652;226668.74754288793;0.3229383255490321
Marche - U01;11;PD;71807.13386738612;267559.98650819063;0.2683777002851207
Marche - U02;11;PD;76761.58046794472;258205.0538301207;0.29728922547909536
Lazio - U01;12;PD;59332.6654102197;277045.6394928852;0.214162061957822
Lazio - U02;12;PD;74687.0013296468;282989.0165227194;0.2639219085156637
Lazio - U03;12;PD;69282.5157750257;269978.09016599134;0.2566227345797896
Lazio - U04;12;PD;63535.45787855491;288765.1309056971;0.22002468815843237
Lazio - U05;12;PD;57840.30793939653;272129.6387881413;0.21254688830284466
Lazio - U06;12;PD;46059.88339744845;263396.61430072784;0.1748689273008669
Abruzzo - U01;13;PD;57642.62244307814;326782.35374599695;0.17639453839016928
Molise - U01;14;PD;27127.47690007706;149550.0;0.18139402808476804
Campania - U01;15;PD;41324.895547616026;254987.3588103056;0.16206644807972276
Campania - U02;15;PD;47722.05088311338;237570.71353250742;0.20087514228298786
Campania - U03;15;PD;44221.9962330198;234154.760910701;0.18885798461251288
Campania - U04;15;PD;35882.56761412343;191402.93359225988;0.18747135658099692
Campania - U05;15;PD;34006.290852837694;254727.94505777955;0.1335004325698309
Campania - U06;15;PD;44489.211330898;239903.60182176347;0.18544620002808998
Campania - U07;15;PD;33903.29699448259;224599.40623291582;0.15095007401454985
Puglia - U01;16;PD;35223.05324441002;202591.9978326559;0.17386201637393792
Puglia - U02;16;PD;41099.736069685656;236896.74676036835;0.1734921928297305
Puglia - U03;16;PD;42685.80234904648;245213.39931461215;0.17407614130531263
Puglia - U04;16;PD;41934.65073441488;242377.92115074396;0.17301349287641649
Puglia - U05;16;PD;48222.430687676075;254685.83316797018;0.18934084431729054
Basilicata - U01;17;PD;59806.904685823065;276215.0;0.21652301535334093
Calabria - U01;18;PD;34881.517947870634;202176.98605054617;0.1725296168929431
Calabria - U02;18;PD;38539.63697837777;205483.29352986813;0.1875560602340444
Sicilia - U01;19;PD;32586.60437513891;232841.1329860687;0.13995209504966902
Sicilia - U02;19;PD;30856.119460003105;239444.15840884298;0.12886561804242183
Sicilia - U03;19;PD;28175.55916969511;213472.043840006;0.13198711485993106
Sicilia - U04;19;PD;32222.531448632628;247416.922534734;0.13023576204295007
Sicilia - U05;19;PD;38819.78968768744;274350.733809188;0.14149694133745874
Sicilia - U06;19;PD;36586.90188545099;219474.65565258265;0.16670217240648605
Sardegna - U01;20;PD;49534.55208909814;268314.06698548794;0.18461407053912413
Sardegna - U02;20;PD;48461.93363318503;239644.55647927523;0.20222422050874367
Piemonte - U01;1;SI-VERDI;18857.319312614218;296463.66365813976;0.06360752302636016
Piemonte - U02;1;SI-VERDI;12066.979295404517;284903.5752418574;0.042354608169310415
Piemonte - U03;1;SI-VERDI;8101.5378182054465;256385.53065121174;0.03159904460141638
Piemonte - U04;1;SI-VERDI;9636.69088012125;254088.0948550552;0.03792657379566921
Piemonte - U05;1;SI-VERDI;9445.379473996643;283925.23061427474;0.033267136751325276
Valle d'aosta/Vallée d'Aoste - U01;2;SI-VERDI;11.986536661569145;61938.0;0.00019352476123815987
Lombardia - U01;3;SI-VERDI;7362.031554864943;298723.4623938352;0.02464497263077008
Lombardia - U02;3;SI-VERDI;6168.373831844873;250741.36705390736;0.024600543198437307
Lombardia - U03;3;SI-VERDI;13125.36965397114;263094.2421939671;0.04988847169180699
Lombardia - U04;3;SI-VERDI;10560.667878631639;288145.1839722791;0.03665050976402099
Lombardia - U05;3;SI-VERDI;9860.187958611117;299906.14369349927;0.032877579089170376
Lombardia - U06;3;SI-VERDI;10513.961938662795;300600.95131127536;0.034976475931958975
Lombardia - U07;3;SI-VERDI;8241.68070602965;313084.5897071101;0.026324134042303788
Lombardia - U08;3;SI-VERDI;7486.43114291115;279591.9773825258;0.026776273099812644
Lombardia - U09;3;SI-VERDI;7441.227655946928;268964.2204530053;0.027666236213180984
Lombardia - U10;3;SI-VERDI;8476.298729618695;274274.2146000862;0.03090446815052526
Lombardia - U11;3;SI-VERDI;8464.920877448907;270597.8844897002;0.031282287714156566
Trentino-Alto Adige/Südtirol - U01;4;SI-VERDI;4508.136438416152;116335.0;0.038751333978735134
Trentino-Alto Adige/Südtirol - U02;4;SI-VERDI;3094.9237660171552;91603.0;0.033786270821011925
Trentino-Alto Adige/Südtirol - U03;4;SI-VERDI;1697.2935912781916;62210.0;0.027283291935029604
Trentino-Alto Adige/Südtirol - U04;4;SI-VERDI;4635.19345074972;82745.99506795406;0.05601713348112048
Trentino-Alto Adige/Südtirol - U05;4;SI-VERDI;2707.75847045347;59498.99645358324;0.04550931329683627
Trentino-Alto Adige/Südtirol - U06;4;SI-VERDI;3550.412159156784;73674.0;0.04819084289107126
Veneto - U01;5;SI-VERDI;9614.941454196001;269099.3828214382;0.03573007620227813
Veneto - U02;5;SI-VERDI;7752.619928205903;305628.9473797679;0.02536611795011899
Veneto - U03;5;SI-VERDI;10445.170566647415;328526.3079433441;0.03179401562096127
Veneto - U04;5;SI-VERDI;7473.880902868724;307569.2965750694;0.024299827668411465
Veneto - U05;5;SI-VERDI;5529.3226525164755;233000.03237456083;0.023730995211312993
Friuli-Venezia Giulia - U01;6;SI-VERDI;10687.967227151177;326791.5909515619;0.03270575964341561
Liguria - U01;7;SI-VERDI;9863.711770261378;259929.9117666781;0.037947582497220946
Liguria - U02;7;SI-VERDI;13450.138737400845;275647.6439447701;0.04879468057450827
Emilia-Romagna - U01;8;SI-VERDI;10106.095630339307;244450.76805799454;0.04134204899671943
Emilia-Romagna - U02;8;SI-VERDI;13601.866824584302;263189.1880475879;0.051680948315114356
Emilia-Romagna - U03;8;SI-VERDI;24374.51671346819;330507.8663889915;0.07374867345753455
Emilia-Romagna - U04;8;SI-VERDI;15650.445428035295;304800.97532220185;0.051346441432778805
Emilia-Romagna - U05;8;SI-VERDI;11410.906903344241;294932.2866081353;0.03868992111570835
Toscana - U01;9;SI-VERDI;12088.833123245216;282921.3234894583;0.04272860374801565
Toscana - U02;9;SI-VERDI;15287.747273756226;278415.62731820345;0.05490980309192105
Toscana - U03;9;SI-VERDI;11250.45081880019;279701.10023709945;0.040223119641872376
Toscana - U04;9;SI-VERDI;18563.900804821584;281462.0382459685;0.0659552560640475
Umbria - U01;10;SI-VERDI;7935.799708639;226668.74754288793;0.03501055965881432
Marche - U01;11;SI-VERDI;8803.035679244445;267559.98650819063;0.032901166553822365
Marche - U02;11;SI-VERDI;8654.055826034659;258205.0538301207;0.03351621394571296
Lazio - U01;12;SI-VERDI;8817.547267674792;277045.6394928852;0.031827056667683935
Lazio - U02;12;SI-VERDI;14261.12684717978;282989.0165227194;0.050394630231293244
Lazio - U03;12;SI-VERDI;13121.178625318107;269978.09016599134;0.04860090171484204
Lazio - U04;12;SI-VERDI;12254.70595054363;288765.1309056971;0.042438316261064375
Lazio - U05;12;SI-VERDI;9390.707736404078;272129.6387881413;0.03450821372571968
Lazio - U06;12;SI-VERDI;7787.824686457025;263396.61430072784;0.029566912646665347
Abruzzo - U01;13;SI-VERDI;9792.329350837079;326782.35374599695;0.02996590617144679
Molise - U01;14;SI-VERDI;6397.2146162794525;149550.0;0.0427764267220291
Campania - U01;15;SI-VERDI;6127.927523824323;254987.3588103056;0.024032279687963322
Campania - U02;15;SI-VERDI;7143.06535949147;237570.71353250742;0.030067112453716086
Campania - U03;15;SI-VERDI;7210.102826549072;234154.760910701;0.030792040266474745
Campania - U04;15;SI-VERDI;8170.262625557278;191402.93359225988;0.04268619332116482
Campania - U05;15;SI-VERDI;7391.291123131501;254727.94505777955;0.029016412476671714
Campania - U06;15;SI-VERDI;6803.644901161021;239903.60182176347;0.028359911437327204
Campania - U07;15;SI-VERDI;6337.805661093987;224599.40623291582;0.02821826543264102
Puglia - U01;16;SI-VERDI;5372.0734133783835;202591.9978326559;0.026516710782504838
Puglia - U02;16;SI-VERDI;7825.457797928114;236896.74676036835;0.033033200771827885
Puglia - U03;16;SI-VERDI;9308.051801246591;245213.39931461215;0.0379589852237407
Puglia - U04;16;SI-VERDI;7886.717852551826;242377.92115074396;0.032538928525782586
Puglia - U05;16;SI-VERDI;11196.932536022046;254685.83316797018;0.04396370381794049
Basilicata - U01;17;SI-VERDI;18663.037582063218;276215.0;0.06756706761784559
Calabria - U01;18;SI-VERDI;6410.727696607384;202176.98605054617;0.03170849374025509
Calabria - U02;18;SI-VERDI;6754.7038388133005;205483.29352986813;0.032872277462456904
Sicilia - U01;19;SI-VERDI;9185.901750584713;232841.1329860687;0.039451370265984415
Sicilia - U02;19;SI-VERDI;7727.461959559137;239444.15840884298;0.03227250149224668
Sicilia - U03;19;SI-VERDI;6820.722943467878;213472.043840006;0.03195136384500026
Sicilia - U04;19;SI-VERDI;6375.957810426848;247416.922534734;0.025770095857253858
Sicilia - U05;19;SI-VERDI;7979.7168846261975;274350.733809188;0.029085823004126248
Sicilia - U06;19;SI-VERDI;7390.721092811572;219474.65565258265;0.03367459933283008
Sardegna - U01;20;SI-VERDI;9789.131032875095;268314.06698548794;0.03648385320552184
Sardegna - U02;20;SI-VERDI;7260.02898926745;239644.55647927523;0.030294988110423894
Piemonte - U01;1;SVP;6.960161346614163;296463.66365813976;2.34772830529414e-05
Piemonte - U02;1;SVP;6.960161346614163;284903.5752418574;2.442988418346669e-05
Piemonte - U03;1;SVP;6.960161346614163;256385.53065121174;2.7147247073325696e-05
Piemonte - U04;1;SVP;6.960161346614163;254088.0948550552;2.73927094088552e-05
Piemonte - U05;1;SVP;6.960161346614163;283925.23061427474;2.4514064254014316e-05
Valle d'aosta/Vallée d'Aoste - U01;2;SVP;6.960161346614163;61938.0;0.0001123730399207944
Lombardia - U01;3;SVP;6.960161346614163;298723.4623938352;2.3299680884918002e-05
Lombardia - U02;3;SVP;6.960161346614163;250741.36705390736;2.7758328944253483e-05
Lombardia - U03;3;SVP;6.960161346614163;263094.2421939671;2.645501204653031e-05
Lombardia - U04;3;SVP;6.960161346614163;288145.1839722791;2.415505007116053e-05
Lombardia - U05;3;SVP;6.960161346614163;299906.14369349927;2.3207798482872598e-05
Lombardia - U06;3;SVP;6.960161346614163;300600.95131127536;2.3154156087173672e-05
Lombardia - U07;3;SVP;6.960161346614163;313084.5897071101;2.2230929197522557e-05
Lombardia - U08;3;SVP;6.960161346614163;279591.9773825258;2.489399521321589e-05
Lombardia - U09;3;SVP;6.960161346614163;268964.2204530053;2.5877647721661462e-05
Lombardia - U10;3;SVP;6.960161346614163;274274.2146000862;2.5376652182789536e-05
Lombardia - U11;3;SVP;6.960161346614163;270597.8844897002;2.5721418183811e-05
Trentino-Alto Adige/Südtirol - U01;4;SVP;5305.73099452398;116335.0;0.04560734941783625
Trentino-Alto Adige/Südtirol - U02;4;SVP;2723.51113493012;91603.0;0.029731680566467474
Trentino-Alto Adige/Südtirol - U03;4;SVP;2450.672810142844;62210.0;0.03939355103910696
Trentino-Alto Adige/Südtirol - U04;4;SVP;15303.305840652383;82745.99506795406;0.18494316042830525
Trentino-Alto Adige/Südtirol - U05;4;SVP;25282.78458460443;59498.99645358324;0.4249279162939867
Trentino-Alto Adige/Südtirol - U06;4;SVP;34262.09024484285;73674.0;0.46504995310208286
Veneto - U01;5;SVP;6.960161346614163;269099.3828214382;2.5864649980385136e-05
Veneto - U02;5;SVP;6.960161346614163;305628.9473797679;2.2773239924703918e-05
Veneto - U03;5;SVP;6.960161346614163;328526.3079433441;2.1186009090676766e-05
Veneto - U04;5;SVP;6.960161346614163;307569.2965750694;2.2629571365278894e-05
Veneto - U05;5;SVP;6.960161346614163;233000.03237456083;2.9871932959328122e-05
Friuli-Venezia Giulia - U01;6;SVP;6.960161346614163;326791.5909515619;2.1298471378493396e-05
Liguria - U01;7;SVP;6.960161346614163;259929.9117666781;2.6777069631223667e-05
Liguria - U02;7;SVP;6.960161346614163;275647.6439447701;2.5250211636159424e-05
Emilia-Romagna - U01;8;SVP;6.960161346614163;244450.76805799454;2.8472650758711893e-05
Emilia-Romagna - U02;8;SVP;6.960161346614163;263189.1880475879;2.64454683653482e-05
Emilia-Romagna - U03;8;SVP;6.960161346614163;330507.8663889915;2.1058988467228785e-05
Emilia-Romagna - U04;8;SVP;6.960161346614163;304800.97532220185;2.283510195220554e-05
Emilia-Romagna - U05;8;SVP;6.960161346614163;294932.2866081353;2.3599184160742122e-05
Toscana - U01;9;SVP;6.960161346614163;282921.3234894583;2.4601049015216772e-05
Toscana - U02;9;SVP;6.960161346614163;278415.62731820345;2.499917628064512e-05
Toscana - U03;9;SVP;6.960161346614163;279701.10023709945;2.488428304613072e-05
Toscana - U04;9;SVP;6.960161346614163;281462.0382459685;2.472859711380228e-05
Umbria - U01;10;SVP;6.960161346614163;226668.74754288793;3.070631228196659e-05
Marche - U01;11;SVP;6.960161346614163;267559.98650819063;2.6013461270678815e-05
Marche - U02;11;SVP;6.960161346614163;258205.0538301207;2.695594545253719e-05
Lazio - U01;12;SVP;6.960161346614163;277045.6394928852;2.5122796949103062e-05
Lazio - U02;12;SVP;6.960161346614163;282989.0165227194;2.4595164265166367e-05
Lazio - U03;12;SVP;6.960161346614163;269978.09016599134;2.5780467379167063e-05
Lazio - U04;12;SVP;6.960161346614163;288765.1309056971;2.4103191838931425e-05
Lazio - U05;12;SVP;6.960161346614163;272129.6387881413;2.557663831697802e-05
Lazio - U06;12;SVP;6.960161346614163;263396.61430072784;2.6424642416502505e-05
Abruzzo - U01;13;SVP;6.960161346614163;326782.35374599695;2.1299073425562607e-05
Molise - U01;14;SVP;6.960161346614163;149550.0;4.654069773730634e-05
Campania - U01;15;SVP;6.960161346614163;254987.3588103056;2.7296103536615246e-05
Campania - U02;15;SVP;6.960161346614163;237570.71353250742;2.929721952306965e-05
Campania - U03;15;SVP;6.960161346614163;234154.760910701;2.972462024493511e-05
Campania - U04;15;SVP;6.960161346614163;191402.93359225988;3.636392199422185e-05
Campania - U05;15;SVP;6.960161346614163;254727.94505777955;2.7323901761290466e-05
Campania - U06;15;SVP;6.960161346614163;239903.60182176347;2.901232534134781e-05
Campania - U07;15;SVP;6.960161346614163;224599.40623291582;3.098922416293605e-05
Puglia - U01;16;SVP;6.960161346614163;202591.9978326559;3.4355559059955385e-05
Puglia - U02;16;SVP;6.960161346614163;236896.74676036835;2.938056955950804e-05
Puglia - U03;16;SVP;6.960161346614163;245213.39931461215;2.8384098773020885e-05
Puglia - U04;16;SVP;6.960161346614163;242377.92115074396;2.871615250089292e-05
Puglia - U05;16;SVP;6.960161346614163;254685.83316797018;2.7328419724169754e-05
Basilicata - U01;17;SVP;6.960161346614163;276215.0;2.51983467466074e-05
Calabria - U01;18;SVP;6.960161346614163;202176.98605054617;3.442608123989967e-05
Calabria - U02;18;SVP;6.960161346614163;205483.29352986813;3.3872151974255104e-05
Sicilia - U01;19;SVP;6.960161346614163;232841.1329860687;2.989231866961669e-05
Sicilia - U02;19;SVP;6.960161346614163;239444.15840884298;2.906799394424949e-05
Sicilia - U03;19;SVP;6.960161346614163;213472.043840006;3.260455665019396e-05
Sicilia - U04;19;SVP;6.960161346614163;247416.922534734;2.813130676474666e-05
Sicilia - U05;19;SVP;6.960161346614163;274350.733809188;2.5369574376480372e-05
Sicilia - U06;19;SVP;6.960161346614163;219474.65565258265;3.1712824999856696e-05
Sardegna - U01;20;SVP;6.960161346614163;268314.06698548794;2.5940352009164736e-05
Sardegna - U02;20;SVP;6.960161346614163;239644.55647927523;2.9043686403183905e-05
Piemonte - U01;1;PIU-EUROPA;38512.70681124645;296463.66365813976;0.017777332473685976
Piemonte - U02;1;PIU-EUROPA;18222.046543454268;284903.5752418574;0.016940758332141877
Piemonte - U03;1;PIU-EUROPA;11718.98239056179;256385.53065121174;0.017348795512293017
Piemonte - U04;1;PIU-EUROPA;10187.85393751889;254088.0948550552;0.023372256544449643
Piemonte - U05;1;PIU-EUROPA;20163.282068563567;283925.23061427474;0.01911112259732704
Valle d'aosta/Vallée d'Aoste - U01;2;PIU-EUROPA;100.0;61938.0;0.021481916218276078
Lombardia - U01;3;PIU-EUROPA;9187.658380634606;298723.4623938352;0.027286541274969007
Lombardia - U02;3;PIU-EUROPA;6034.956592108458;250741.36705390736;0.03161317122855249
Lombardia - U03;3;PIU-EUROPA;39900.86313068885;263094.2421939671;0.02789770505992999
Lombardia - U04;3;PIU-EUROPA;13779.540880880497;288145.1839722791;0.021779870098996523
Lombardia - U05;3;PIU-EUROPA;11415.146410175963;299906.14369349927;0.016984598384278595
Lombardia - U06;3;PIU-EUROPA;15031.50062320647;300600.95131127536;0.025304223588470762
Lombardia - U07;3;PIU-EUROPA;10761.700643336;313084.5897071101;0.026078681714557562
Lombardia - U08;3;PIU-EUROPA;2520.8380002691365;279591.9773825258;0.02130796925718284
Lombardia - U09;3;PIU-EUROPA;3746.4983498292954;268964.2204530053;0.022903425275241276
Lombardia - U10;3;PIU-EUROPA;7988.289620024256;274274.2146000862;0.016634333397643742
Lombardia - U11;3;PIU-EUROPA;2594.587290541228;270597.8844897002;0.0231938883412313
Trentino-Alto Adige/Südtirol - U01;4;PIU-EUROPA;6987.795120292331;116335.0;0.023931581189455764
Trentino-Alto Adige/Südtirol - U02;4;PIU-EUROPA;4898.397206306236;91603.0;0.024005038524427376
Trentino-Alto Adige/Südtirol - U03;4;PIU-EUROPA;1430.2979943432654;62210.0;0.020692248223821964
Trentino-Alto Adige/Südtirol - U04;4;PIU-EUROPA;2206.342340841888;82745.99506795406;0.017637408432546516
Trentino-Alto Adige/Südtirol - U05;4;PIU-EUROPA;100.0;59498.99645358324;0.023641489928237315
Trentino-Alto Adige/Südtirol - U06;4;PIU-EUROPA;100.0;73674.0;0.02062292187370873
Veneto - U01;5;PIU-EUROPA;5283.724877540468;269099.3828214382;0.019369672916673086
Veneto - U02;5;PIU-EUROPA;8522.301308582066;305628.9473797679;0.02314405801315102
Veneto - U03;5;PIU-EUROPA;15381.82568207656;328526.3079433441;0.030449251494632665
Veneto - U04;5;PIU-EUROPA;6490.708657676367;307569.2965750694;0.027628708700612833
Veneto - U05;5;PIU-EUROPA;5182.790539954365;233000.03237456083;0.019462837076643685
Friuli-Venezia Giulia - U01;6;PIU-EUROPA;14638.388126654228;326791.5909515619;0.019348109660316068
Liguria - U01;7;PIU-EUROPA;10985.480911177434;259929.9117666781;0.017439781146775215
Liguria - U02;7;PIU-EUROPA;18789.421959000807;275647.6439447701;0.022820876032574308
Emilia-Romagna - U01;8;PIU-EUROPA;7718.509285970347;244450.76805799454;0.024762870949920947
Emilia-Romagna - U02;8;PIU-EUROPA;13485.809919974188;263189.1880475879;0.016755278212159806
Emilia-Romagna - U03;8;PIU-EUROPA;22110.575691789367;330507.8663889915;0.020931106976206554
Emilia-Romagna - U04;8;PIU-EUROPA;10240.050752808633;304800.97532220185;0.008946538528169509
Emilia-Romagna - U05;8;PIU-EUROPA;5950.522524264405;294932.2866081353;0.028011870005524443
Toscana - U01;9;PIU-EUROPA;7259.152282078924;282921.3234894583;0.024922133729253896
Toscana - U02;9;PIU-EUROPA;5075.182046172426;278415.62731820345;0.022991989554798236
Toscana - U03;9;PIU-EUROPA;4343.118077888863;279701.10023709945;0.02400090877962743
Toscana - U04;9;PIU-EUROPA;10275.780737542987;281462.0382459685;0.018225263895126808
Umbria - U01;10;PIU-EUROPA;981.1282418356882;226668.74754288793;0.027682173146384353
Marche - U01;11;PIU-EUROPA;1259.597909374439;267559.98650819063;0.020785261668363468
Marche - U02;11;PIU-EUROPA;2766.946806674746;258205.0538301207;0.029422474822216858
Lazio - U01;12;PIU-EUROPA;1787.818059550523;277045.6394928852;0.021552258064540385
Lazio - U02;12;PIU-EUROPA;25009.301964187525;282989.0165227194;0.02033355100896695
Lazio - U03;12;PIU-EUROPA;20098.810892824702;269978.09016599134;0.0197128316205237
Lazio - U04;12;PIU-EUROPA;11277.993132763582;288765.1309056971;0.017507198601540583
Lazio - U05;12;PIU-EUROPA;1048.6148982844861;272129.6387881413;0.020248350462415604
Lazio - U06;12;PIU-EUROPA;100.0;263396.61430072784;0.02291805618593321
Abruzzo - U01;13;PIU-EUROPA;156.35003884289722;326782.35374599695;0.021909669479880132
Molise - U01;14;PIU-EUROPA;100.0;149550.0;0.03804944618661748
Campania - U01;15;PIU-EUROPA;100.0;254987.3588103056;0.01723862898171684
Campania - U02;15;PIU-EUROPA;100.0;237570.71353250742;0.018439475678083805
Campania - U03;15;PIU-EUROPA;100.0;234154.760910701;0.021743410446512665
Campania - U04;15;PIU-EUROPA;1416.176505478506;191402.93359225988;0.01866455166393602
Campania - U05;15;PIU-EUROPA;100.0;254727.94505777955;0.03134926318745419
Campania - U06;15;PIU-EUROPA;100.0;239903.60182176347;0.022156745209932133
Campania - U07;15;PIU-EUROPA;100.0;224599.40623291582;0.021882707532256327
Puglia - U01;16;PIU-EUROPA;100.0;202591.9978326559;0.017481379244655277
Puglia - U02;16;PIU-EUROPA;100.0;236896.74676036835;0.018714106239671117
Puglia - U03;16;PIU-EUROPA;100.0;245213.39931461215;0.027168123913983305
Puglia - U04;16;PIU-EUROPA;100.0;242377.92115074396;0.01713723610712835
Puglia - U05;16;PIU-EUROPA;100.0;254685.83316797018;0.022299030420585574
Basilicata - U01;17;PIU-EUROPA;100.0;276215.0;0.022834979667045802
Calabria - U01;18;PIU-EUROPA;100.0;202176.98605054617;0.02215348982731052
Calabria - U02;18;PIU-EUROPA;100.0;205483.29352986813;0.0212848764825975
Sicilia - U01;19;PIU-EUROPA;100.0;232841.1329860687;0.019508265015537204
Sicilia - U02;19;PIU-EUROPA;100.0;239444.15840884298;0.023668299518455796
Sicilia - U03;19;PIU-EUROPA;100.0;213472.043840006;0.012171713610568314
Sicilia - U04;19;PIU-EUROPA;100.0;247416.922534734;0.02137814375580268
Sicilia - U05;19;PIU-EUROPA;100.0;274350.733809188;0.020578547653238695
Sicilia - U06;19;PIU-EUROPA;100.0;219474.65565258265;0.08627440139919003
Sardegna - U01;20;PIU-EUROPA;814.9887176454504;268314.06698548794;0.02020072715174072
Sardegna - U02;20;PIU-EUROPA;100.0;239644.55647927523;0.015966679546638694
Piemonte - U01;1;ITALEX;6855.0687556533985;296463.66365813976;0.02312279579583879
Piemonte - U02;1;ITALEX;5955.995601256848;284903.5752418574;0.02090530312299783
Piemonte - U03;1;ITALEX;26217.85537789688;256385.53065121174;0.10225949690415172
Piemonte - U04;1;ITALEX;6590.32860695279;254088.0948550552;0.025937179822266957
Piemonte - U05;1;ITALEX;9388.455730557216;283925.23061427474;0.03306664825188381
Valle d'aosta/Vallée d'Aoste - U01;2;ITALEX;1519.100666715872;61938.0;0.024526149806514127
Lombardia - U01;3;ITALEX;7845.073106370564;298723.4623938352;0.02626199175486145
Lombardia - U02;3;ITALEX;6584.000216949446;250741.36705390736;0.02625813320836661
Lombardia - U03;3;ITALEX;5438.436617209457;263094.2421939671;0.020671059054192267
Lombardia - U04;3;ITALEX;5925.191489512702;288145.1839722791;0.020563215417415178
Lombardia - U05;3;ITALEX;6793.494968626563;299906.14369349927;0.022652070027513137
Lombardia - U06;3;ITALEX;7244.781256976586;300600.95131127536;0.024100992446542662
Lombardia - U07;3;ITALEX;9677.630196675726;313084.5897071101;0.030910592583713963
Lombardia - U08;3;ITALEX;8259.079084896272;279591.9773825258;0.029539757049597142
Lombardia - U09;3;ITALEX;5463.324393253347;268964.2204530053;0.02031245785796972
Lombardia - U10;3;ITALEX;7540.154403775205;274274.2146000862;0.02749129886223302
Lombardia - U11;3;ITALEX;7323.972809443187;270597.8844897002;0.027065890863318853
Trentino-Alto Adige/Südtirol - U01;4;ITALEX;3158.148363712981;116335.0;0.02714701821217158
Trentino-Alto Adige/Südtirol - U02;4;ITALEX;2496.364210396261;91603.0;0.027251991860487768
Trentino-Alto Adige/Südtirol - U03;4;ITALEX;1583.9990502774554;62210.0;0.025462129083386197
Trentino-Alto Adige/Südtirol - U04;4;ITALEX;1717.059475201762;82745.99506795406;0.020750967751268803
Trentino-Alto Adige/Südtirol - U05;4;ITALEX;1424.61771516102;59498.99645358324;0.02394355871653066
Trentino-Alto Adige/Südtirol - U06;4;ITALEX;1394.2817917167442;73674.0;0.018925018211536557
Veneto - U01;5;ITALEX;10083.294748781329;269099.3828214382;0.037470523503475045
Veneto - U02;5;ITALEX;7936.920107767287;305628.9473797679;0.025969137334053122
Veneto - U03;5;ITALEX;9642.570979837727;328526.3079433441;0.02935098574054116
Veneto - U04;5;ITALEX;11428.573202050991;307569.2965750694;0.03715771804700143
Veneto - U05;5;ITALEX;6014.96304728228;233000.03237456083;0.025815288461474906
Friuli-Venezia Giulia - U01;6;ITALEX;7635.5720945619905;326791.5909515619;0.023365264914952354
Liguria - U01;7;ITALEX;6340.049917819893;259929.9117666781;0.02439138256435426
Liguria - U02;7;ITALEX;8267.40090737077;275647.6439447701;0.02999264129036873
Emilia-Romagna - U01;8;ITALEX;6640.348657877435;244450.76805799454;0.027164359967574533
Emilia-Romagna - U02;8;ITALEX;5189.137074321311;263189.1880475879;0.01971637631779559
Emilia-Romagna - U03;8;ITALEX;9402.236778709974;330507.8663889915;0.028447845678940677
Emilia-Romagna - U04;8;ITALEX;7855.353136093086;304800.97532220185;0.025772073490871465
Emilia-Romagna - U05;8;ITALEX;7795.249049538419;294932.2866081353;0.02643063985699081
Toscana - U01;9;ITALEX;6495.456298939034;282921.3234894583;0.0229585250727171
Toscana - U02;9;ITALEX;6014.355995875327;278415.62731820345;0.021602077634103028
Toscana - U03;9;ITALEX;6712.8280197009735;279701.10023709945;0.02400000577048351
Toscana - U04;9;ITALEX;5666.264030719474;281462.0382459685;0.02013153910925547
Umbria - U01;10;ITALEX;6351.67378456174;226668.74754288793;0.028021832976158047
Marche - U01;11;ITALEX;6172.32818529832;267559.98650819063;0.023068950876589205
Marche - U02;11;ITALEX;6542.691283459138;258205.0538301207;0.02533912944927767
Lazio - U01;12;ITALEX;7674.916527712115;277045.6394928852;0.027702715486735585
Lazio - U02;12;ITALEX;6260.49739584242;282989.0165227194;0.022122757528788416
Lazio - U03;12;ITALEX;5421.04565639707;269978.09016599134;0.020079576283631145
Lazio - U04;12;ITALEX;4165.989511932637;288765.1309056971;0.014426913314866731
Lazio - U05;12;ITALEX;7465.124438516292;272129.6387881413;0.027432235870228194
Lazio - U06;12;ITALEX;6652.332478921651;263396.61430072784;0.02525595287768765
Abruzzo - U01;13;ITALEX;10849.81656886668;326782.35374599695;0.033201965909395705
Molise - U01;14;ITALEX;4836.7830097336155;149550.0;0.03234224680530669
Campania - U01;15;ITALEX;5063.9801075579235;254987.3588103056;0.01985973003204917
Campania - U02;15;ITALEX;5448.2012225739345;237570.71353250742;0.022932966532629634
Campania - U03;15;ITALEX;6568.886319156317;234154.760910701;0.028053609901450928
Campania - U04;15;ITALEX;4889.48440744043;191402.93359225988;0.025545504009130585
Campania - U05;15;ITALEX;6275.578773820697;254727.94505777955;0.024636396970097715
Campania - U06;15;ITALEX;5951.831982011805;239903.60182176347;0.02480926479142119
Campania - U07;15;ITALEX;10129.2815036323;224599.40623291582;0.04509932449744749
Puglia - U01;16;ITALEX;4197.780046306703;202591.9978326559;0.020720364531742926
Puglia - U02;16;ITALEX;6407.861341855847;236896.74676036835;0.02704917407894033
Puglia - U03;16;ITALEX;8030.202227882276;245213.39931461215;0.032747811703305076
Puglia - U04;16;ITALEX;8452.670761972948;242377.92115074396;0.034873930438226314
Puglia - U05;16;ITALEX;6425.362280417739;254685.83316797018;0.025228581427142398
Basilicata - U01;17;ITALEX;9062.940677472123;276215.0;0.032811182149673705
Calabria - U01;18;ITALEX;4484.587537613214;202176.98605054617;0.022181493676496022
Calabria - U02;18;ITALEX;6616.950175962157;205483.29352986813;0.032201888836283166
Sicilia - U01;19;ITALEX;5088.970915035909;232841.1329860687;0.021855979009260323
Sicilia - U02;19;ITALEX;6791.994683072824;239444.15840884298;0.028365672932708252
Sicilia - U03;19;ITALEX;2263.6941149056465;213472.043840006;0.010604171273135185
Sicilia - U04;19;ITALEX;6047.853942422586;247416.922534734;0.024443978530100538
Sicilia - U05;19;ITALEX;5605.708957169048;274350.733809188;0.02043263700933944
Sicilia - U06;19;ITALEX;4624.58395523952;219474.65565258265;0.02107115257335227
Sardegna - U01;20;ITALEX;9683.709674678079;268314.06698548794;0.03609095036825569
Sardegna - U02;20;ITALEX;6818.544399599396;239644.55647927523;0.028452740591205842
Piemonte - U01;1;IPF;11218.075642718612;296463.66365813976;0.03783963101681991
Piemonte - U02;1;IPF;3486.0315704306113;284903.5752418574;0.012235829499406195
Piemonte - U03;1;IPF;1983.3219663254617;256385.53065121174;0.007735701625937634
Piemonte - U04;1;IPF;2469.1940322269165;254088.0948550552;0.009717865898579273
Piemonte - U05;1;IPF;3791.8010858424627;283925.23061427474;0.013354928259242293
Valle d'aosta/Vallée d'Aoste - U01;2;IPF;580.7538653031966;61938.0;0.009376374201672585
Lombardia - U01;3;IPF;2823.7552484289254;298723.4623938352;0.00945274008877851
Lombardia - U02;3;IPF;3476.634144439109;250741.36705390736;0.013865419118065433
Lombardia - U03;3;IPF;2103.0524654193337;263094.2421939671;0.00799353284162278
Lombardia - U04;3;IPF;2692.888458012944;288145.1839722791;0.009345595928030546
Lombardia - U05;3;IPF;3430.330261585881;299906.14369349927;0.011438012637352439
Lombardia - U06;3;IPF;2598.988160818081;300600.95131127536;0.008645974503676145
Lombardia - U07;3;IPF;3135.647676843957;313084.5897071101;0.01001533700453717
Lombardia - U08;3;IPF;3346.0939722827375;279591.9773825258;0.011967775340365918
Lombardia - U09;3;IPF;2432.8181408561213;268964.2204530053;0.009045136697954198
Lombardia - U10;3;IPF;2584.1810456451285;274274.2146000862;0.009421888417083142
Lombardia - U11;3;IPF;2045.9360641499597;270597.8844897002;0.007560798444556334
Trentino-Alto Adige/Südtirol - U01;4;IPF;1117.9211131551351;116335.0;0.009609499403920876
Trentino-Alto Adige/Südtirol - U02;4;IPF;873.5792288538541;91603.0;0.009536578811325547
Trentino-Alto Adige/Südtirol - U03;4;IPF;622.6692963389137;62210.0;0.01000915120300456
Trentino-Alto Adige/Südtirol - U04;4;IPF;839.9461240349348;82745.99506795406;0.010150897615590217
Trentino-Alto Adige/Südtirol - U05;4;IPF;571.0519709403752;59498.99645358324;0.009597673994146575
Trentino-Alto Adige/Südtirol - U06;4;IPF;763.9308189932838;73674.0;0.010369069400240027
Veneto - U01;5;IPF;2713.652253594621;269099.3828214382;0.010084200956325768
Veneto - U02;5;IPF;3207.973837572023;305628.9473797679;0.01049630234660287
Veneto - U03;5;IPF;2965.171464394144;328526.3079433441;0.009025674330183328
Veneto - U04;5;IPF;2285.287081578066;307569.2965750694;0.0074301534874443775
Veneto - U05;5;IPF;1979.4439403399663;233000.03237456083;0.008495466374690872
Friuli-Venezia Giulia - U01;6;IPF;2548.0174947102482;326791.5909515619;0.007797071789059356
Liguria - U01;7;IPF;1992.9522441632323;259929.9117666781;0.007667267805454317
Liguria - U02;7;IPF;2358.5108020718876;275647.6439447701;0.008556252352893133
Emilia-Romagna - U01;8;IPF;2654.9560650866383;244450.76805799454;0.010860902938364937
Emilia-Romagna - U02;8;IPF;2557.2614542247343;263189.1880475879;0.009716438099890144
Emilia-Romagna - U03;8;IPF;2428.837067136828;330507.8663889915;0.0073488025978728335
Emilia-Romagna - U04;8;IPF;2495.1626038268196;304800.97532220185;0.008186202820345998
Emilia-Romagna - U05;8;IPF;2613.0893432462503;294932.2866081353;0.00885996366589107
Toscana - U01;9;IPF;2523.15452488156;282921.3234894583;0.008918219714801995
Toscana - U02;9;IPF;2832.253411342037;278415.62731820345;0.010172753011830876
Toscana - U03;9;IPF;1958.7261521939063;279701.10023709945;0.007002926161296885
Toscana - U04;9;IPF;3353.8560303507847;281462.0382459685;0.011915837927031082
Umbria - U01;10;IPF;1733.7944712040126;226668.74754288793;0.007649023034708223
Marche - U01;11;IPF;1952.052551599908;267559.98650819063;0.007295756652836246
Marche - U02;11;IPF;1923.467969534573;258205.0538301207;0.007449381570974473
Lazio - U01;12;IPF;2082.3658717788567;277045.6394928852;0.007516327907526347
Lazio - U02;12;IPF;2597.925634922723;282989.0165227194;0.009180305535689057
Lazio - U03;12;IPF;2578.98457212725;269978.09016599134;0.009552569879065394
Lazio - U04;12;IPF;2450.463445115244;288765.1309056971;0.008486008810791977
Lazio - U05;12;IPF;2070.6662809569775;272129.6387881413;0.007609117074414063
Lazio - U06;12;IPF;3621.6165348381933;263396.61430072784;0.013749670034495147
Abruzzo - U01;13;IPF;3959.899120008524;326782.35374599695;0.012117848698422971
Molise - U01;14;IPF;586.8220065735223;149550.0;0.003923918465887812
Campania - U01;15;IPF;2092.920246429966;254987.3588103056;0.00820793727263541
Campania - U02;15;IPF;2156.0832206983546;237570.71353250742;0.009075542976821224
Campania - U03;15;IPF;2134.6340213519834;234154.760910701;0.009116338327052265
Campania - U04;15;IPF;1922.7107974954058;191402.93359225988;0.010045356993280474
Campania - U05;15;IPF;2784.3687590818495;254727.94505777955;0.010930755000007068
Campania - U06;15;IPF;2239.6122834902594;239903.60182176347;0.009335467523135316
Campania - U07;15;IPF;2364.292629023702;224599.40623291582;0.010526709169354904
Puglia - U01;16;IPF;2103.0726809673056;202591.9978326559;0.010380827986624012
Puglia - U02;16;IPF;1819.0334832595083;236896.74676036835;0.00767859207918774
Puglia - U03;16;IPF;2977.208955932879;245213.39931461215;0.012141298005143181
Puglia - U04;16;IPF;2370.5219136893884;242377.92115074396;0.009780271661852696
Puglia - U05;16;IPF;2134.793760331485;254685.83316797018;0.008382067167919574
Basilicata - U01;17;IPF;3065.5274827885187;276215.0;0.011098338188688227
Calabria - U01;18;IPF;1725.849032234283;202176.98605054617;0.008536327828147583
Calabria - U02;18;IPF;1824.8665277297791;205483.29352986813;0.008880851072520525
Sicilia - U01;19;IPF;1883.0992476012214;232841.1329860687;0.008087485331528131
Sicilia - U02;19;IPF;2520.992720844019;239444.15840884298;0.010528520460037731
Sicilia - U03;19;IPF;3562.495186910567;213472.043840006;0.01668834533472028
Sicilia - U04;19;IPF;3192.813409020199;247416.922534734;0.012904587836234082
Sicilia - U05;19;IPF;2757.7115884023115;274350.733809188;0.010051774056198845
Sicilia - U06;19;IPF;1171.6584788687082;219474.65565258265;0.005338468240831346
Sardegna - U01;20;IPF;3296.480283692322;268314.06698548794;0.012285901819193906
Sardegna - U02;20;IPF;2456.5926678179226;239644.55647927523;0.010250984641207037
Piemonte - U01;1;ALTRI;8448.419279157612;296463.66365813976;0.028497317934044395
Piemonte - U02;1;ALTRI;6590.872278488658;284903.5752418574;0.023133694524168757
Piemonte - U03;1;ALTRI;6909.5316412756165;256385.53065121174;0.0269497721799105
Piemonte - U04;1;ALTRI;5028.359967261514;254088.0948550552;0.0197898290753447
Piemonte - U05;1;ALTRI;7365.86268982211;283925.23061427474;0.025942966300972974
Valle d'aosta/Vallée d'Aoste - U01;2;ALTRI;1901.0152739781581;61938.0;0.030692228905973038
Lombardia - U01;3;ALTRI;6158.886068325531;298723.4623938352;0.020617349634913153
Lombardia - U02;3;ALTRI;6643.905041639576;250741.36705390736;0.026497044024694934
Lombardia - U03;3;ALTRI;5538.524228869442;263094.2421939671;0.021051483995556796
Lombardia - U04;3;ALTRI;8573.16548203243;288145.1839722791;0.029752936918276615
Lombardia - U05;3;ALTRI;4524.436757002537;299906.14369349927;0.015086175632422058
Lombardia - U06;3;ALTRI;8622.978318245596;300600.95131127536;0.028685798500073318
Lombardia - U07;3;ALTRI;11815.871172014964;313084.5897071101;0.03774018766962847
Lombardia - U08;3;ALTRI;7131.269685856509;279591.9773825258;0.0255059882354915
Lombardia - U09;3;ALTRI;5783.507101224654;268964.2204530053;0.021502886486104857
Lombardia - U10;3;ALTRI;6912.348786266373;274274.2146000862;0.025202328247827203
Lombardia - U11;3;ALTRI;6940.000643885625;270597.8844897002;0.025646913895772838
Trentino-Alto Adige/Südtirol - U01;4;ALTRI;2524.378582088953;116335.0;0.021699218481875213
Trentino-Alto Adige/Südtirol - U02;4;ALTRI;2124.742093691399;91603.0;0.023195114719948028
Trentino-Alto Adige/Südtirol - U03;4;ALTRI;1824.9656400823544;62210.0;0.029335567273466555
Trentino-Alto Adige/Südtirol - U04;4;ALTRI;1792.8754141574168;82745.99506795406;0.021667216796233357
Trentino-Alto Adige/Südtirol - U05;4;ALTRI;659.7693123375808;59498.99645358324;0.011088746897643635
Trentino-Alto Adige/Südtirol - U06;4;ALTRI;1546.9437815791093;73674.0;0.020997146640322355
Veneto - U01;5;ALTRI;7885.241137648344;269099.3828214382;0.029302338247578302
Veneto - U02;5;ALTRI;6681.2341447098715;305628.9473797679;0.02186060647065579
Veneto - U03;5;ALTRI;10618.9902266304;328526.3079433441;0.032323104633866014
Veneto - U04;5;ALTRI;10402.04919646774;307569.2965750694;0.03382018072772384
Veneto - U05;5;ALTRI;7307.628012537123;233000.03237456083;0.031363205996425336
Friuli-Venezia Giulia - U01;6;ALTRI;11345.938080813808;326791.5909515619;0.034719186157074464
Liguria - U01;7;ALTRI;5618.556134191289;259929.9117666781;0.021615658221108065
Liguria - U02;7;ALTRI;7801.576082812267;275647.6439447701;0.028302712735594513
Emilia-Romagna - U01;8;ALTRI;5862.156122923395;244450.76805799454;0.023980927405115093
Emilia-Romagna - U02;8;ALTRI;6318.554933215443;263189.1880475879;0.02400765388612001
Emilia-Romagna - U03;8;ALTRI;12052.813447112962;330507.8663889915;0.03646755394598504
Emilia-Romagna - U04;8;ALTRI;6715.995264846499;304800.97532220185;0.022034034693449035
Emilia-Romagna - U05;8;ALTRI;10198.075681807097;294932.2866081353;0.03457768492927622
Toscana - U01;9;ALTRI;8002.495286608349;282921.3234894583;0.028285232049349306
Toscana - U02;9;ALTRI;6802.5235643622345;278415.62731820345;0.02443298039656221
Toscana - U03;9;ALTRI;9578.162402044538;279701.10023709945;0.03424427860285583
Toscana - U04;9;ALTRI;8348.6961738904;281462.0382459685;0.02966189055518211
Umbria - U01;10;ALTRI;5986.336709302284;226668.74754288793;0.0264100665583358
Marche - U01;11;ALTRI;7691.69689306322;267559.98650819063;0.028747560475855232
Marche - U02;11;ALTRI;10117.197691568676;258205.0538301207;0.039182802743377064
Lazio - U01;12;ALTRI;7376.524202912214;277045.6394928852;0.026625664336080084
Lazio - U02;12;ALTRI;10995.7372094156;282989.0165227194;0.03885570311006336
Lazio - U03;12;ALTRI;6775.56637466485;269978.09016599134;0.025096726814012982
Lazio - U04;12;ALTRI;6840.035923644147;288765.1309056971;0.023687194856909222
Lazio - U05;12;ALTRI;8405.982885621645;272129.6387881413;0.030889626440749
Lazio - U06;12;ALTRI;9037.281353425762;263396.61430072784;0.03431054486944781
Abruzzo - U01;13;ALTRI;8181.8786416549965;326782.35374599695;0.025037700316017212
Molise - U01;14;ALTRI;15991.743167296743;149550.0;0.10693241837042289
Campania - U01;15;ALTRI;7386.63652822255;254987.3588103056;0.028968638142245075
Campania - U02;15;ALTRI;5429.61335123351;237570.71353250742;0.022854725106891436
Campania - U03;15;ALTRI;6471.670637141588;234154.760910701;0.02763843285513922
Campania - U04;15;ALTRI;5191.311390662684;191402.93359225988;0.027122423325661164
Campania - U05;15;ALTRI;8577.558242715326;254727.94505777955;0.033673408862815155
Campania - U06;15;ALTRI;6814.625316738873;239903.60182176347;0.028405681552883907
Campania - U07;15;ALTRI;4770.641900063927;224599.40623291582;0.021240670133903378
Puglia - U01;16;ALTRI;5344.66951107704;202591.9978326559;0.026381444322849407
Puglia - U02;16;ALTRI;4919.69494508247;236896.74676036835;0.02076725414072048
Puglia - U03;16;ALTRI;6267.896674747215;245213.39931461215;0.02556098766326149
Puglia - U04;16;ALTRI;6244.188235667724;242377.92115074396;0.025762198990824037
Puglia - U05;16;ALTRI;6993.174615180065;254685.83316797018;0.027458043222089754
Basilicata - U01;17;ALTRI;8216.793638551035;276215.0;0.029747818324678366
Calabria - U01;18;ALTRI;4319.782441632924;202176.98605054617;0.021366341075798496
Calabria - U02;18;ALTRI;5642.99825340004;205483.29352986813;0.027462078091423033
Sicilia - U01;19;ALTRI;5629.966164660757;232841.1329860687;0.024179431239056925
Sicilia - U02;19;ALTRI;5408.8570777769655;239444.15840884298;0.022589221276977326
Sicilia - U03;19;ALTRI;10067.387433032975;213472.043840006;0.04716021476132175
Sicilia - U04;19;ALTRI;6609.21094632583;247416.922534734;0.02671284922072372
Sicilia - U05;19;ALTRI;6618.197260812325;274350.733809188;0.024123125784731112
Sicilia - U06;19;ALTRI;6230.347176500018;219474.65565258265;0.028387547336501322
Sardegna - U01;20;ALTRI;7243.128024100006;268314.06698548794;0.026994961932024827
Sardegna - U02;20;ALTRI;6507.749517858932;239644.55647927523;0.027155841190249323
